Date,Line,Rise,Set,RiseAzimuth,SetAzimuth,Meridian,Altitude,Distance,Illuminated,Phase,PhaseTime,PosAngle
2023-01-01,1,,03:15:39,,295.5,20:17:23,45.6,393026,77.1%,waxinggibbous,,342.7
2023-01-01,2,12:17:36,,0.00,,,,,,,,
2023-01-02,1,,04:46:43,,307.3,21:04:04,50.2,396903,85.1%,waxinggibbous,,347.7
2023-01-02,2,12:20:57,,0.00,,,,,,,,
2023-01-03,1,,06:18:42,,318.4,21:52:43,53.7,400104,91.5%,waxinggibbous,,354.6
2023-01-03,2,12:27:18,,0.00,,,,,,,,
2023-01-04,1,,07:48:52,,327.9,22:43:10,56.0,402642,96.1%,waxinggibbous,,4.1
2023-01-04,2,12:39:51,,0.00,,,,,,,,
2023-01-05,1,,09:09:26,,334.6,23:34:40,57.0,404539,98.9%,waxinggibbous,,21.4
2023-01-05,2,13:05:26,,0.00,,,,,,,,
2023-01-06,1,,10:08:08,,336.1,,,,,waxinggibbous,,
2023-01-06,2,13:54:04,,0.00,,,,,,,,
2023-01-07,1,,10:40:59,,332.1,00:26:02,56.6,405802,99.8%,fullmoon,00:07:54,98.8
2023-01-07,2,15:06:47,,0.00,,,,,,,,
2023-01-08,1,,10:57:06,,324.6,01:16:02,54.8,406410,98.8%,waninggibbous,,169.2
2023-01-08,2,16:32:02,,0.00,,,,,,,,
2023-01-09,1,,11:05:05,,315.3,02:03:49,51.8,406306,96.0%,waninggibbous,,184.5
2023-01-09,2,17:59:59,,0.00,,,,,,,,
2023-01-10,1,,11:09:09,,305.2,02:49:07,47.9,405409,91.4%,waninggibbous,,192.4
2023-01-10,2,19:26:32,,0.00,,,,,,,,
2023-01-11,1,,11:11:14,,294.6,03:32:10,43.1,403626,85.3%,waninggibbous,,197.4
2023-01-11,2,20:50:59,,0.00,,,,,,,,
2023-01-12,1,,11:12:17,,283.6,04:13:38,37.8,400876,77.7%,waninggibbous,,200.5
2023-01-12,2,22:14:17,,0.00,,,,,,,,
2023-01-13,1,,11:12:52,,272.4,04:54:27,32.1,397117,69.0%,waninggibbous,,202.1
2023-01-13,2,23:38:15,,0.00,,,,,,,,
2023-01-14,1,,11:13:25,,260.9,05:35:45,26.2,392377,59.2%,waninggibbous,,202.4
2023-01-15,1,01:05:09,11:14:21,105.9,249.1,06:18:49,20.2,386777,48.8%,thirdquarter,03:10:19,201.2
2023-01-16,1,02:37:28,11:16:18,118.5,237.2,07:05:03,14.5,380563,38.0%,waningcrescent,,198.4
2023-01-17,1,04:17:19,11:20:27,131.3,225.2,07:55:52,9.3,374109,27.4%,waningcrescent,,193.8
2023-01-18,1,06:04:32,11:29:43,143.7,213.9,08:52:20,5.2,367916,17.6%,waningcrescent,,187.2
2023-01-19,1,07:51:29,11:52:21,153.9,204.9,09:54:32,2.6,362576,9.3%,waningcrescent,,178.0
2023-01-20,1,09:14:21,12:48:32,157.6,202.7,11:00:46,2.0,358689,3.4%,waningcrescent,,164.6
2023-01-21,1,09:55:17,14:28:11,151.9,209.9,12:07:42,3.4,356740,0.4%,newmoon,21:53:15,129.6
2023-01-22,1,10:11:35,16:25:38,140.8,222.4,13:11:50,7.0,356980,0.8%,waxingcrescent,,12.0
2023-01-23,1,10:18:35,18:21:01,127.9,236.5,14:11:06,12.3,359360,4.5%,waxingcrescent,,350.1
2023-01-24,1,10:21:54,20:08:45,114.5,250.9,15:05:15,18.5,363559,11.0%,waxingcrescent,,342.5
2023-01-25,1,10:23:35,21:49:16,101.2,265.1,15:55:15,25.3,369072,19.6%,waxingcrescent,,339.1
2023-01-26,1,10:24:38,23:24:55,88.2,278.7,16:42:31,32.0,375320,29.6%,waxingcrescent,,338.1
2023-01-27,1,10:25:38,,75.6,,17:28:28,38.4,381741,40.2%,waxingcrescent,,339.0
2023-01-28,1,,00:58:12,,291.7,18:14:21,44.1,387861,51.0%,firstquarter,16:18:46,341.5
2023-01-28,2,10:27:06,,0.00,,,,,,,,
2023-01-29,1,,02:31:02,,304.1,19:01:10,49.0,393326,61.3%,waxinggibbous,,345.4
2023-01-29,2,10:29:45,,0.00,,,,,,,,
2023-01-30,1,,04:04:09,,315.6,19:49:30,52.9,397907,70.9%,waxinggibbous,,350.6
2023-01-30,2,10:34:47,,0.00,,,,,,,,
2023-01-31,1,,05:36:02,,325.7,20:39:28,55.6,401493,79.5%,waxinggibbous,,356.9
2023-01-31,2,10:44:42,,0.00,,,,,,,,
2023-02-01,1,,07:00:49,,333.5,21:30:36,57.0,404065,86.8%,waxinggibbous,,4.3
2023-02-01,2,11:05:04,,0.00,,,,,,,,
2023-02-02,1,,08:06:54,,336.8,22:21:55,56.9,405674,92.6%,waxinggibbous,,12.9
2023-02-02,2,11:45:50,,0.00,,,,,,,,
2023-02-03,1,,08:46:14,,334.2,23:12:19,55.5,406406,96.8%,waxinggibbous,,23.7
2023-02-03,2,12:52:31,,0.00,,,,,,,,
2023-02-04,1,,09:05:39,,327.3,,,,,waxinggibbous,,
2023-02-04,2,14:15:49,,0.00,,,,,,,,
2023-02-05,1,,09:15:01,,318.3,00:00:50,52.9,406359,99.2%,fullmoon,19:28:32,44.3
2023-02-05,2,15:44:13,,0.00,,,,,,,,
2023-02-06,1,,09:19:41,,308.3,00:46:59,49.2,405614,99.8%,waninggibbous,,134.8
2023-02-06,2,17:12:02,,0.00,,,,,,,,
2023-02-07,1,,09:22:00,,297.7,01:30:50,44.6,404222,98.4%,waninggibbous,,183.2
2023-02-07,2,18:37:40,,0.00,,,,,,,,
2023-02-08,1,,09:23:04,,286.8,02:12:50,39.4,402199,95.2%,waninggibbous,,194.3
2023-02-08,2,20:01:31,,0.00,,,,,,,,
2023-02-09,1,,09:23:32,,275.6,02:53:45,33.7,399533,90.2%,waninggibbous,,199.0
2023-02-09,2,21:24:59,,0.00,,,,,,,,
2023-02-10,1,,09:23:49,,264.2,03:34:33,27.9,396198,83.5%,waninggibbous,,201.0
2023-02-10,2,22:50:01,,0.00,,,,,,,,
2023-02-11,1,,09:24:17,,252.6,04:16:22,21.9,392182,75.2%,waninggibbous,,201.1
2023-02-12,1,00:18:49,09:25:26,114.7,240.9,05:00:25,16.2,387514,65.7%,waninggibbous,,199.5
2023-02-13,1,01:53:30,09:28:03,127.2,229.2,05:48:01,10.9,382300,55.1%,thirdquarter,17:00:48,196.2
2023-02-14,1,03:35:03,09:33:57,139.5,217.8,06:40:17,6.5,376744,44.0%,waningcrescent,,191.3
2023-02-15,1,05:20:24,09:47:53,150.6,207.7,07:37:50,3.3,371175,32.7%,waningcrescent,,184.6
2023-02-16,1,06:54:56,10:23:32,157.8,201.8,08:40:06,1.8,366038,22.0%,waningcrescent,,176.5
2023-02-17,1,07:53:01,11:41:44,156.4,204.7,09:45:00,2.3,361854,12.7%,waningcrescent,,167.2
2023-02-18,1,08:17:15,13:32:30,147.4,215.1,10:49:28,4.8,359135,5.6%,waningcrescent,,156.5
2023-02-19,1,08:27:04,15:30:15,135.1,228.7,11:50:50,9.2,358272,1.3%,waningcrescent,,139.5
2023-02-20,1,08:31:27,17:23:32,121.8,243.3,12:47:54,15.1,359438,0.2%,newmoon,08:05:52,36.6
2023-02-21,1,08:33:31,19:10:07,108.0,258.0,13:40:51,21.8,362550,2.4%,waxingcrescent,,348.3
2023-02-22,1,08:34:36,20:51:14,94.4,272.4,14:30:42,28.8,367287,7.4%,waxingcrescent,,340.9
2023-02-23,1,08:35:23,22:29:08,81.1,286.3,15:18:45,35.7,373159,14.7%,waxingcrescent,,339.3
2023-02-24,1,08:36:24,,68.4,,16:06:15,42.0,379598,23.6%,waxingcrescent,,340.3
2023-02-25,1,,00:05:49,,299.5,16:54:13,47.4,386045,33.5%,waxingcrescent,,343.2
2023-02-25,2,08:38:15,,0.00,,,,,,,,
2023-02-26,1,,01:42:26,,311.9,17:43:19,51.9,392012,43.8%,waxingcrescent,,347.5
2023-02-26,2,08:41:53,,0.00,,,,,,,,
2023-02-27,1,,03:18:14,,323.0,18:33:46,55.1,397124,54.0%,firstquarter,09:05:37,353.0
2023-02-27,2,08:49:12,,0.00,,,,,,,,
2023-02-28,1,,04:48:53,,332.1,19:25:14,56.9,401133,63.9%,waxinggibbous,,359.3
2023-02-28,2,09:04:32,,0.00,,,,,,,,
2023-03-01,1,,06:03:59,,337.3,20:16:56,57.3,403918,73.0%,waxinggibbous,,6.0
2023-03-01,2,09:37:03,,0.00,,,,,,,,
2023-03-02,1,,06:51:44,,336.4,21:07:50,56.3,405473,81.2%,waxinggibbous,,12.9
2023-03-02,2,10:36:17,,0.00,,,,,,,,
2023-03-03,1,,07:15:20,,330.5,21:57:01,54.0,405881,88.1%,waxinggibbous,,19.7
2023-03-03,2,11:56:44,,0.00,,,,,,,,
2023-03-04,1,,07:26:17,,321.9,22:43:57,50.6,405287,93.6%,waxinggibbous,,26.5
2023-03-04,2,13:25:13,,0.00,,,,,,,,
2023-03-05,1,,07:31:29,,312.0,23:28:35,46.3,403865,97.5%,waxinggibbous,,35.0
2023-03-05,2,14:54:17,,0.00,,,,,,,,
2023-03-06,1,,07:33:56,,301.4,,,,,waxinggibbous,,
2023-03-06,2,16:21:28,,0.00,,,,,,,,
2023-03-07,1,,07:34:58,,290.4,00:11:19,41.2,401789,99.6%,fullmoon,13:40:20,56.0
2023-03-07,2,17:46:45,,0.00,,,,,,,,
2023-03-08,1,,07:35:16,,279.1,00:52:47,35.6,399212,99.7%,waninggibbous,,169.9
2023-03-08,2,19:11:13,,0.00,,,,,,,,
2023-03-09,1,,07:35:18,,267.6,01:33:53,29.6,396250,97.8%,waninggibbous,,195.0
2023-03-09,2,20:36:37,,0.00,,,,,,,,
2023-03-10,1,,07:35:23,,255.9,02:15:37,23.6,392977,93.9%,waninggibbous,,199.6
2023-03-10,2,22:04:56,,0.00,,,,,,,,
2023-03-11,1,,07:35:55,,244.1,02:59:04,17.7,389435,87.9%,waninggibbous,,200.0
2023-03-11,2,23:38:05,,0.00,,,,,,,,
2023-03-12,1,,07:37:32,,232.3,03:45:24,12.3,385646,80.1%,waninggibbous,,198.0
2023-03-13,1,01:17:19,07:41:29,136.2,220.7,04:35:37,7.6,381644,70.7%,waninggibbous,,194.1
2023-03-14,1,03:01:14,07:50:51,147.9,210.1,05:30:24,4.0,377505,60.0%,waninggibbous,,188.5
2023-03-15,1,04:40:32,08:14:43,157.0,202.2,06:29:30,2.0,373378,48.6%,thirdquarter,03:08:17,181.6
2023-03-16,1,05:51:42,09:13:30,159.0,201.5,07:31:31,1.7,369501,36.9%,waningcrescent,,173.9
2023-03-17,1,06:24:16,10:51:59,152.4,209.4,08:34:05,3.3,366195,25.6%,waningcrescent,,166.0
2023-03-18,1,06:36:57,12:45:46,141.3,221.8,09:34:45,6.8,363826,15.7%,waningcrescent,,158.7
2023-03-19,1,06:42:16,14:39:05,128.6,235.8,10:32:03,12.0,362737,7.8%,waningcrescent,,152.1
2023-03-20,1,06:44:37,16:27:22,115.1,250.4,11:25:46,18.3,363175,2.5%,waningcrescent,,144.7
2023-03-21,1,06:45:39,18:10:46,101.5,265.0,12:16:34,25.2,365232,0.2%,newmoon,18:23:08,114.5
2023-03-22,1,06:46:11,19:51:03,87.9,279.4,13:05:33,32.2,368806,0.9%,waxingcrescent,,347.6
2023-03-23,1,06:46:45,21:30:16,74.6,293.3,13:53:55,39.0,373617,4.4%,waxingcrescent,,340.4
2023-03-24,1,06:47:50,23:09:49,61.8,306.5,14:42:41,45.1,379243,10.2%,waxingcrescent,,341.0
2023-03-25,1,06:50:12,,49.7,,15:32:35,50.2,385187,17.8%,waxingcrescent,,344.2
2023-03-26,1,,00:49:38,,318.7,17:23:53,54.0,390945,26.7%,waxingcrescent,,349.0
2023-03-26,2,07:55:12,,0.00,,,,,,,,
2023-03-27,1,,03:26:46,,329.2,18:16:19,56.5,396066,36.4%,waxingcrescent,,354.8
2023-03-27,2,08:05:58,,0.00,,,,,,,,
2023-03-28,1,,04:52:37,,336.6,19:09:03,57.5,400192,46.4%,waxingcrescent,,1.2
2023-03-28,2,08:29:51,,0.00,,,,,,,,
2023-03-29,1,,05:52:49,,338.3,20:01:00,57.0,403084,56.3%,firstquarter,04:32:22,7.6
2023-03-29,2,09:18:59,,0.00,,,,,,,,
2023-03-30,1,,06:23:41,,333.8,20:51:12,55.2,404633,65.8%,waxinggibbous,,13.7
2023-03-30,2,10:34:29,,0.00,,,,,,,,
2023-03-31,1,,06:37:26,,325.8,21:39:02,52.2,404847,74.7%,waxinggibbous,,19.2
2023-03-31,2,12:02:17,,0.00,,,,,,,,
2023-04-01,1,,06:43:40,,316.1,22:24:26,48.1,403838,82.7%,waxinggibbous,,23.8
2023-04-01,2,13:32:10,,0.00,,,,,,,,
2023-04-02,1,,06:46:28,,305.7,23:07:45,43.3,401796,89.5%,waxinggibbous,,27.6
2023-04-02,2,15:00:27,,0.00,,,,,,,,
2023-04-03,1,,06:47:35,,294.7,23:49:39,37.8,398960,94.8%,waxinggibbous,,30.8
2023-04-03,2,16:26:43,,0.00,,,,,,,,
2023-04-04,1,,06:47:49,,283.4,,,,,waxinggibbous,,
2023-04-04,2,17:51:59,,0.00,,,,,,,,
2023-04-05,1,,06:47:41,,271.8,00:31:01,31.9,395590,98.3%,waxinggibbous,,34.5
2023-04-05,2,19:17:53,,0.00,,,,,,,,
2023-04-06,1,,06:47:31,,260.0,01:12:50,25.8,391941,99.9%,fullmoon,06:34:31,58.0
2023-04-06,2,20:46:26,,0.00,,,,,,,,
2023-04-07,1,,06:47:39,,248.0,01:56:12,19.7,388232,99.3%,waninggibbous,,197.1
2023-04-07,2,22:19:35,,0.00,,,,,,,,
2023-04-08,1,,06:48:38,,235.9,02:42:13,13.9,384633,96.4%,waninggibbous,,199.8
2023-04-08,2,23:58:49,,0.00,,,,,,,,
2023-04-09,1,,06:51:23,,224.0,03:31:55,8.8,381256,91.1%,waninggibbous,,197.1
2023-04-10,1,01:43:33,06:58:09,144.9,212.8,04:25:54,4.8,378160,83.7%,waninggibbous,,192.2
2023-04-11,1,03:27:16,07:15:25,155.2,203.6,05:24:02,2.3,375372,74.4%,waninggibbous,,185.8
2023-04-12,1,04:49:45,08:00:38,159.9,200.1,06:25:02,1.5,372914,63.6%,waninggibbous,,178.5
2023-04-13,1,05:31:34,09:27:56,155.6,205.7,07:26:41,2.5,370834,51.9%,thirdquarter,11:11:21,171.0
2023-04-14,1,05:47:35,11:16:56,145.7,216.9,08:26:37,5.3,369223,40.0%,waningcrescent,,164.2
2023-04-15,1,05:53:59,13:08:04,133.6,230.2,09:23:20,9.8,368220,28.6%,waningcrescent,,158.5
2023-04-16,1,05:56:40,14:55:00,120.7,244.2,10:16:30,15.6,367994,18.4%,waningcrescent,,154.4
2023-04-17,1,05:57:44,16:37:13,107.5,258.5,11:06:44,22.1,368707,10.0%,waningcrescent,,151.8
2023-04-18,1,05:58:08,18:16:23,94.1,272.7,11:55:04,29.0,370472,4.0%,waningcrescent,,150.7
2023-04-19,1,05:58:24,19:54:37,80.9,286.7,12:42:45,35.8,373309,0.7%,waningcrescent,,150.0
2023-04-20,1,05:58:59,21:33:44,67.9,300.3,13:30:53,42.2,377115,0.1%,newmoon,06:12:33,340.2
2023-04-21,1,06:00:28,23:14:26,55.4,313.1,14:20:22,47.9,381664,2.2%,waxingcrescent,,339.5
2023-04-22,1,06:03:52,,43.6,,15:11:37,52.4,386624,6.5%,waxingcrescent,,343.8
2023-04-23,1,,00:55:09,,324.8,16:04:30,55.6,391599,12.8%,waxingcrescent,,349.5
2023-04-23,2,06:11:17,,0.00,,,,,,,,
2023-04-24,1,,02:29:40,,334.1,16:58:12,57.3,396174,20.6%,waxingcrescent,,355.9
2023-04-24,2,06:27:59,,0.00,,,,,,,,
2023-04-25,1,,03:44:16,,338.7,17:51:30,57.5,399970,29.4%,waxingcrescent,,2.5
2023-04-25,2,07:05:15,,0.00,,,,,,,,
2023-04-26,1,,04:27:01,,336.5,18:43:07,56.2,402680,38.9%,waxingcrescent,,8.9
2023-04-26,2,08:12:00,,0.00,,,,,,,,
2023-04-27,1,,04:46:10,,329.5,19:32:14,53.6,404103,48.6%,firstquarter,23:19:59,14.5
2023-04-27,2,09:37:28,,0.00,,,,,,,,
2023-04-28,1,,04:54:33,,320.3,20:18:36,49.9,404148,58.4%,waxinggibbous,,19.2
2023-04-28,2,11:07:38,,0.00,,,,,,,,
2023-04-29,1,,04:58:16,,310.1,21:02:31,45.4,402842,67.8%,waxinggibbous,,22.8
2023-04-29,2,12:36:39,,0.00,,,,,,,,
2023-04-30,1,,04:59:48,,299.3,21:44:38,40.1,400319,76.7%,waxinggibbous,,25.3
2023-04-30,2,14:03:17,,0.00,,,,,,,,
2023-05-01,1,,05:00:13,,288.2,22:25:53,34.4,396803,84.6%,waxinggibbous,,26.6
2023-05-01,2,15:28:24,,0.00,,,,,,,,
2023-05-02,1,,05:00:07,,276.8,23:07:19,28.4,392593,91.3%,waxinggibbous,,26.6
2023-05-02,2,16:53:38,,0.00,,,,,,,,
2023-05-03,1,,04:59:51,,265.0,23:50:05,22.2,388033,96.3%,waxinggibbous,,24.9
2023-05-03,2,18:21:07,,0.00,,,,,,,,
2023-05-04,1,,04:59:47,,253.0,,,,,waxinggibbous,,
2023-05-04,2,19:53:05,,0.00,,,,,,,,
2023-05-05,1,,05:00:21,,240.8,00:35:24,16.2,383477,99.3%,fullmoon,19:34:02,19.5
2023-05-05,2,21:31:28,,0.00,,,,,,,,
2023-05-06,1,,05:02:18,,228.6,01:24:24,10.7,379256,99.9%,waninggibbous,,219.3
2023-05-06,2,23:16:46,,0.00,,,,,,,,
2023-05-07,1,,05:07:19,,216.8,02:17:57,6.2,375638,98.0%,waninggibbous,,200.1
2023-05-08,1,01:04:54,05:20:02,152.0,206.3,03:16:07,3.0,372805,93.4%,waninggibbous,,192.0
2023-05-09,1,02:39:43,05:54:12,159.4,200.3,04:17:45,1.6,370833,86.3%,waninggibbous,,184.0
2023-05-10,1,03:35:04,07:10:26,157.7,203.2,05:20:31,2.0,369707,77.0%,waninggibbous,,175.9
2023-05-11,1,03:56:43,08:56:28,148.9,213.3,06:21:39,4.3,369343,66.2%,waninggibbous,,168.6
2023-05-12,1,04:05:02,10:47:38,137.3,226.1,07:19:16,8.3,369634,54.5%,thirdquarter,16:28:17,162.6
2023-05-13,1,04:08:27,12:34:31,124.7,239.8,08:12:47,13.7,370486,42.6%,waningcrescent,,158.1
2023-05-14,1,04:09:49,14:15:50,111.8,253.7,09:02:47,19.9,371847,31.2%,waningcrescent,,155.4
2023-05-15,1,04:10:18,15:53:10,98.8,267.6,09:50:22,26.5,373707,20.9%,waningcrescent,,154.4
2023-05-16,1,04:10:29,17:28:52,85.8,281.3,10:36:52,33.3,376077,12.4%,waningcrescent,,155.2
2023-05-17,1,04:10:50,19:05:10,73.0,294.8,11:23:33,39.7,378969,5.9%,waningcrescent,,158.1
2023-05-18,1,04:11:52,20:43:31,60.5,307.8,12:11:30,45.6,382353,1.7%,waningcrescent,,164.8
2023-05-19,1,04:14:19,22:23:37,48.6,319.9,13:01:25,50.6,386140,0.1%,newmoon,17:53:19,204.4
2023-05-20,1,04:19:45,,37.5,,13:53:28,54.4,390163,0.8%,waxingcrescent,,334.3
2023-05-21,1,,00:01:38,,330.3,14:47:05,56.7,394185,3.8%,waxingcrescent,,347.1
2023-05-21,2,04:31:45,,0.00,,,,,,,,
2023-05-22,1,,01:26:54,,337.3,15:41:05,57.5,397916,8.7%,waxingcrescent,,355.6
2023-05-22,2,04:58:59,,0.00,,,,,,,,
2023-05-23,1,,02:23:38,,338.0,16:33:58,56.8,401048,15.3%,waxingcrescent,,3.0
2023-05-23,2,05:54:01,,0.00,,,,,,,,
2023-05-24,1,,02:51:06,,332.5,17:24:31,54.7,403292,23.1%,waxingcrescent,,9.5
2023-05-24,2,07:14:14,,0.00,,,,,,,,
2023-05-25,1,,03:03:05,,324.0,18:12:07,51.5,404413,31.9%,waxingcrescent,,14.9
2023-05-25,2,08:43:49,,0.00,,,,,,,,
2023-05-26,1,,03:08:26,,314.1,18:56:52,47.2,404253,41.3%,waxingcrescent,,19.1
2023-05-26,2,10:13:26,,0.00,,,,,,,,
2023-05-27,1,,03:10:46,,303.6,19:39:19,42.3,402748,51.0%,firstquarter,17:22:15,22.2
2023-05-27,2,11:40:25,,0.00,,,,,,,,
2023-05-28,1,,03:11:37,,292.8,20:20:20,36.8,399939,60.9%,waxinggibbous,,24.0
2023-05-28,2,13:05:02,,0.00,,,,,,,,
2023-05-29,1,,03:11:42,,281.6,21:01:01,31.0,395977,70.4%,waxinggibbous,,24.6
2023-05-29,2,14:28:49,,0.00,,,,,,,,
2023-05-30,1,,03:11:30,,270.1,21:42:33,24.9,391120,79.3%,waxinggibbous,,23.9
2023-05-30,2,15:53:54,,0.00,,,,,,,,
2023-05-31,1,,03:11:21,,258.4,22:26:13,18.9,385718,87.2%,waxinggibbous,,21.4
2023-05-31,2,17:22:41,,0.00,,,,,,,,
2023-06-01,1,,03:11:37,,246.3,23:13:21,13.1,380195,93.6%,waxinggibbous,,16.6
2023-06-01,2,18:57:36,,0.00,,,,,,,,
2023-06-02,1,,03:12:56,,234.1,,,,,waxinggibbous,,
2023-06-02,2,20:40:18,,0.00,,,,,,,,
2023-06-03,1,,03:16:31,,222.0,00:05:09,8.1,375006,98.0%,waxinggibbous,,7.0
2023-06-03,2,22:29:32,,0.00,,,,,,,,
2023-06-04,1,,03:25:26,,210.7,01:02:15,4.2,370591,99.9%,fullmoon,05:41:46,318.2
2023-06-05,1,00:14:58,03:49:10,157.0,202.1,02:04:07,2.0,367309,98.9%,waninggibbous,,201.4
2023-06-06,1,01:29:35,04:49:53,159.2,201.3,03:08:35,1.7,365386,95.0%,waninggibbous,,185.0
2023-06-07,1,02:02:04,06:31:17,152.3,209.6,04:12:29,3.4,364872,88.2%,waninggibbous,,174.9
2023-06-08,1,02:14:08,08:25:10,141.1,222.1,05:13:03,6.9,365649,79.2%,waninggibbous,,167.2
2023-06-09,1,02:19:01,10:15:43,128.5,235.8,06:08:59,12.0,367486,68.6%,waninggibbous,,161.6
2023-06-10,1,02:21:01,11:59:29,115.5,249.8,07:00:32,18.1,370101,57.0%,thirdquarter,21:31:23,158.0
2023-06-11,1,02:21:47,13:37:37,102.4,263.7,07:48:47,24.6,373229,45.3%,waningcrescent,,156.2
2023-06-12,1,02:22:05,15:12:34,89.5,277.3,08:35:07,31.3,376653,34.0%,waningcrescent,,156.2
2023-06-13,1,02:22:23,16:46:54,76.8,290.7,09:20:58,37.8,380225,23.8%,waningcrescent,,157.9
2023-06-14,1,02:23:10,18:22:36,64.4,303.6,10:07:34,43.8,383852,15.1%,waningcrescent,,161.4
2023-06-15,1,02:25:04,20:00:20,52.5,315.8,10:55:52,49.0,387479,8.1%,waningcrescent,,167.0
2023-06-16,1,02:29:18,21:38:06,41.3,326.7,11:46:23,53.1,391060,3.3%,waningcrescent,,176.1
2023-06-17,1,02:38:28,23:08:27,31.4,335.1,12:38:55,56.0,394531,0.7%,waningcrescent,,196.7
2023-06-18,1,02:58:55,,24.0,,13:32:34,57.3,397789,0.2%,newmoon,06:37:10,307.6
2023-06-19,1,,00:16:28,,338.2,14:25:54,57.2,400692,1.9%,waxingcrescent,,348.6
2023-06-19,2,03:42:48,,0.00,,,,,,,,
2023-06-20,1,,00:53:26,,334.8,15:17:28,55.6,403056,5.5%,waxingcrescent,,1.1
2023-06-20,2,04:55:18,,0.00,,,,,,,,
2023-06-21,1,,01:09:59,,327.1,16:06:16,52.7,404682,10.8%,waxingcrescent,,9.0
2023-06-21,2,06:22:54,,0.00,,,,,,,,
2023-06-22,1,,01:17:23,,317.6,16:52:02,48.8,405373,17.6%,waxingcrescent,,14.8
2023-06-22,2,07:52:57,,0.00,,,,,,,,
2023-06-23,1,,01:20:43,,307.4,17:35:05,44.1,404962,25.6%,waxingcrescent,,18.9
2023-06-23,2,09:20:40,,0.00,,,,,,,,
2023-06-24,1,,01:22:05,,296.7,18:16:10,38.9,403335,34.5%,waxingcrescent,,21.7
2023-06-24,2,10:45:20,,0.00,,,,,,,,
2023-06-25,1,,01:22:26,,285.7,18:56:16,33.2,400451,44.1%,waxingcrescent,,23.1
2023-06-25,2,12:08:06,,0.00,,,,,,,,
2023-06-26,1,,01:22:18,,274.6,19:36:32,27.3,396368,54.1%,firstquarter,09:49:43,23.3
2023-06-26,2,13:30:50,,0.00,,,,,,,,
2023-06-27,1,,01:22:05,,263.1,20:18:13,21.4,391250,64.2%,waxinggibbous,,22.1
2023-06-27,2,14:55:55,,0.00,,,,,,,,
2023-06-28,1,,01:22:06,,251.5,21:02:43,15.6,385380,74.0%,waxinggibbous,,19.3
2023-06-28,2,16:25:53,,0.00,,,,,,,,
2023-06-29,1,,01:22:49,,239.6,21:51:24,10.3,379156,83.1%,waxinggibbous,,14.7
2023-06-29,2,18:03:06,,0.00,,,,,,,,
2023-06-30,1,,01:25:07,,227.5,22:45:25,5.8,373070,90.7%,waxinggibbous,,7.5
2023-06-30,2,19:48:27,,0.00,,,,,,,,
2023-07-01,1,,01:30:56,,215.8,23:45:08,2.8,367666,96.4%,waxinggibbous,,356.1
2023-07-01,2,21:37:32,,0.00,,,,,,,,
2023-07-02,1,,01:45:54,,205.6,,,,,waxinggibbous,,
2023-07-02,2,23:11:04,,0.00,,,,,,,,
2023-07-03,1,,02:27:00,,200.5,00:49:23,1.6,363471,99.4%,fullmoon,13:38:44,327.8
2023-07-04,1,00:01:45,03:54:47,156.0,205.3,01:55:17,2.4,360898,99.4%,waninggibbous,,206.0
2023-07-05,1,00:20:48,05:49:43,145.9,216.8,02:59:22,5.3,360159,96.2%,waninggibbous,,177.9
2023-07-06,1,00:28:09,07:46:22,133.3,230.7,03:59:13,10.0,361223,90.1%,waninggibbous,,167.4
2023-07-07,1,00:31:11,09:36:18,120.0,245.1,04:54:09,15.9,363849,81.5%,waninggibbous,,161.5
2023-07-08,1,00:32:25,11:19:03,106.5,259.5,05:44:54,22.6,367657,71.2%,waninggibbous,,158.2
2023-07-09,1,00:32:53,12:56:47,93.2,273.5,06:32:48,29.4,372220,60.0%,waninggibbous,,157.1
2023-07-10,1,00:33:10,14:32:12,80.3,287.1,07:19:20,36.1,377132,48.5%,thirdquarter,03:47:53,157.8
2023-07-11,1,00:33:46,16:07:40,67.7,300.2,08:05:50,42.3,382061,37.4%,waningcrescent,,160.1
2023-07-12,1,00:35:14,17:44:26,55.7,312.5,08:53:28,47.7,386764,27.2%,waningcrescent,,164.1
2023-07-13,1,00:38:32,19:21:46,44.3,323.8,09:42:55,52.1,391088,18.3%,waningcrescent,,169.6
2023-07-14,1,00:45:42,20:54:33,34.0,333.1,10:34:21,55.3,394948,11.0%,waningcrescent,,176.9
2023-07-15,1,01:01:30,22:10:18,25.7,338.1,11:27:13,57.1,398305,5.5%,waningcrescent,,186.4
2023-07-16,1,01:36:30,22:55:59,21.7,336.5,12:20:20,57.4,401136,1.9%,waningcrescent,,200.8
2023-07-17,1,02:40:35,23:17:10,24.2,329.9,13:12:17,56.2,403411,0.3%,newmoon,20:31:51,244.6
2023-07-18,1,04:05:03,23:26:34,31.8,320.8,14:01:55,53.7,405079,0.7%,waxingcrescent,,342.4
2023-07-19,1,05:35:11,23:30:47,41.7,310.7,14:48:37,50.1,406062,3.0%,waxingcrescent,,4.4
2023-07-20,1,07:03:56,23:32:33,52.6,300.1,15:32:28,45.7,406258,7.1%,waxingcrescent,,13.2
2023-07-21,1,08:29:29,23:33:05,63.9,289.3,16:13:59,40.6,405550,12.9%,waxingcrescent,,18.2
2023-07-22,1,09:52:18,23:32:58,75.5,278.2,16:54:00,35.1,403835,20.0%,waxingcrescent,,21.1
2023-07-23,1,11:13:59,23:32:37,87.2,267.0,17:33:33,29.3,401037,28.4%,waxingcrescent,,22.3
2023-07-24,1,12:36:36,23:32:20,99.2,255.6,18:13:48,23.5,397139,37.8%,waxingcrescent,,22.2
2023-07-25,1,14:02:31,23:32:30,111.4,244.0,18:56:00,17.7,392210,47.9%,waxingcrescent,,20.6
2023-07-26,1,15:34:10,23:33:43,123.8,232.3,19:41:30,12.3,386424,58.5%,firstquarter,00:06:47,17.5
2023-07-27,1,17:13:24,23:37:12,136.3,220.7,20:31:37,7.6,380079,69.0%,waxinggibbous,,12.6
2023-07-28,1,18:59:26,23:46:09,148.2,209.7,21:27:17,3.9,373603,79.0%,waxinggibbous,,5.9
2023-07-29,1,20:42:25,,157.7,,22:28:23,1.8,367532,87.8%,waxinggibbous,,357.1
2023-07-30,1,,00:10:37,,201.5,23:33:14,1.7,362461,94.6%,waxinggibbous,,345.7
2023-07-30,2,21:54:40,,0.00,,,,,,,,
2023-07-31,1,,01:14:33,,201.3,,,,,waxinggibbous,,
2023-07-31,2,22:25:16,,0.00,,,,,,,,
2023-08-01,1,,03:01:25,,210.5,00:38:44,3.5,358944,98.8%,fullmoon,20:31:40,326.0
2023-08-01,2,22:36:28,,0.00,,,,,,,,
2023-08-02,1,,05:01:33,,223.9,01:41:43,7.5,357375,99.7%,waninggibbous,,220.8
2023-08-02,2,22:40:54,,0.00,,,,,,,,
2023-08-03,1,,06:58:22,,238.6,02:40:23,13.1,357902,97.4%,waninggibbous,,172.5
2023-08-03,2,22:42:41,,0.00,,,,,,,,
2023-08-04,1,,08:47:58,,253.6,03:34:36,19.7,360403,92.0%,waninggibbous,,162.6
2023-08-04,2,22:43:19,,0.00,,,,,,,,
2023-08-05,1,,10:31:20,,268.3,04:25:18,26.8,364532,84.1%,waninggibbous,,158.8
2023-08-05,2,22:43:33,,0.00,,,,,,,,
2023-08-06,1,,12:10:55,,282.6,05:13:52,33.8,369806,74.4%,waninggibbous,,157.9
2023-08-06,2,22:43:54,,0.00,,,,,,,,
2023-08-07,1,,13:49:11,,296.3,06:01:43,40.4,375696,63.7%,waninggibbous,,159.1
2023-08-07,2,22:44:52,,0.00,,,,,,,,
2023-08-08,1,,15:27:52,,309.2,06:50:00,46.3,381710,52.6%,thirdquarter,12:28:25,162.1
2023-08-08,2,22:47:15,,0.00,,,,,,,,
2023-08-09,1,,17:06:56,,321.1,07:39:37,51.1,387443,41.8%,waningcrescent,,166.6
2023-08-09,2,22:52:37,,0.00,,,,,,,,
2023-08-10,1,,18:42:57,,331.3,08:30:51,54.7,392602,31.6%,waningcrescent,,172.3
2023-08-10,2,23:04:38,,0.00,,,,,,,,
2023-08-11,1,,20:05:43,,337.9,09:23:27,56.9,397004,22.4%,waningcrescent,,179.2
2023-08-11,2,23:32:09,,0.00,,,,,,,,
2023-08-12,1,,21:00:01,,338.2,10:16:28,57.6,400564,14.6%,waningcrescent,,186.8
2023-08-13,1,00:27:47,21:25:58,22.3,332.6,11:08:39,56.8,403270,8.3%,waningcrescent,,195.2
2023-08-14,1,01:48:26,21:37:09,28.8,323.9,11:58:50,54.7,405154,3.7%,waningcrescent,,205.0
2023-08-15,1,03:18:21,21:42:02,38.3,314.0,12:46:18,51.4,406262,1.0%,waningcrescent,,221.5
2023-08-16,1,04:48:14,21:44:01,49.1,303.4,13:30:56,47.2,406634,0.2%,newmoon,11:38:11,300.4
2023-08-17,1,06:15:07,21:44:34,60.4,292.6,14:13:06,42.2,406285,1.2%,waxingcrescent,,4.3
2023-08-18,1,07:38:58,21:44:22,72.0,281.5,14:53:29,36.8,405199,4.2%,waxingcrescent,,15.9
2023-08-19,1,09:00:58,21:43:49,83.7,270.3,15:32:59,31.0,403337,8.9%,waxingcrescent,,20.2
2023-08-20,1,10:22:55,21:43:14,95.6,259.0,16:12:39,25.2,400652,15.2%,waxingcrescent,,21.7
2023-08-21,1,11:46:54,21:42:55,107.7,247.5,16:53:35,19.4,397108,23.1%,waxingcrescent,,21.3
2023-08-22,1,13:15:10,21:43:17,119.9,236.0,17:36:59,13.9,392707,32.3%,waxingcrescent,,19.3
2023-08-23,1,14:49:42,21:45:10,132.2,224.5,18:24:06,9.0,387525,42.5%,waxingcrescent,,15.6
2023-08-24,1,16:31:06,21:50:29,144.2,213.4,19:15:55,5.0,381734,53.4%,firstquarter,11:57:17,10.4
2023-08-25,1,18:15:00,22:04:52,155.0,203.7,20:12:54,2.3,375630,64.5%,waxinggibbous,,3.6
2023-08-26,1,19:42:35,22:45:47,160.7,199.2,21:14:20,1.4,369638,75.3%,waxinggibbous,,355.6
2023-08-27,1,20:28:18,,156.8,,22:18:05,2.2,364289,84.9%,waxinggibbous,,346.8
2023-08-28,1,,00:13:56,,204.5,23:21:20,5.1,360145,92.7%,waxinggibbous,,337.5
2023-08-28,2,20:44:53,,0.00,,,,,,,,
2023-08-29,1,,02:09:45,,216.4,,,,,waxinggibbous,,
2023-08-29,2,20:51:03,,0.00,,,,,,,,
2023-08-30,1,,04:09:11,,230.7,00:21:45,10.0,357701,97.9%,waxinggibbous,,325.5
2023-08-30,2,20:53:25,,0.00,,,,,,,,
2023-08-31,1,,06:03:45,,245.9,01:18:23,16.2,357274,99.9%,fullmoon,03:35:38,267.5
2023-08-31,2,20:54:12,,0.00,,,,,,,,
2023-09-01,1,,07:52:21,,261.2,02:11:33,23.3,358940,98.6%,waninggibbous,,168.6
2023-09-01,2,20:54:19,,0.00,,,,,,,,
2023-09-02,1,,09:36:42,,276.2,03:02:19,30.6,362514,94.2%,waninggibbous,,159.9
2023-09-02,2,20:54:22,,0.00,,,,,,,,
2023-09-03,1,,11:19:06,,290.7,03:51:56,37.7,367598,87.3%,waninggibbous,,158.5
2023-09-03,2,20:54:47,,0.00,,,,,,,,
2023-09-04,1,,13:01:28,,304.6,04:41:39,44.1,373663,78.4%,waninggibbous,,160.1
2023-09-04,2,20:56:14,,0.00,,,,,,,,
2023-09-05,1,,14:44:22,,317.4,05:32:22,49.6,380139,68.4%,waninggibbous,,163.6
2023-09-05,2,20:59:52,,0.00,,,,,,,,
2023-09-06,1,,16:25:35,,328.8,06:24:29,53.8,386497,57.8%,waninggibbous,,168.7
2023-09-06,2,21:08:25,,0.00,,,,,,,,
2023-09-07,1,,17:57:02,,337.2,07:17:50,56.5,392301,47.2%,thirdquarter,00:21:04,174.8
2023-09-07,2,21:28:49,,0.00,,,,,,,,
2023-09-08,1,,19:02:36,,339.8,08:11:34,57.7,397240,37.0%,waningcrescent,,181.5
2023-09-08,2,22:14:50,,0.00,,,,,,,,
2023-09-09,1,,19:35:16,,335.5,09:04:32,57.4,401130,27.6%,waningcrescent,,188.5
2023-09-09,2,23:30:33,,0.00,,,,,,,,
2023-09-10,1,,19:48:48,,327.3,09:55:32,55.7,403902,19.2%,waningcrescent,,195.1
2023-09-11,1,01:00:00,19:54:25,34.7,317.5,10:43:51,52.7,405584,12.1%,waningcrescent,,201.3
2023-09-12,1,02:31:00,19:56:36,45.3,307.0,11:29:16,48.7,406264,6.5%,waningcrescent,,207.2
2023-09-13,1,03:59:21,19:57:08,56.6,296.2,12:12:08,43.9,406062,2.6%,waningcrescent,,213.9
2023-09-14,1,05:24:32,19:56:50,68.2,285.1,12:53:03,38.6,405100,0.4%,waningcrescent,,229.3
2023-09-15,1,06:47:32,19:56:06,80.0,273.8,13:32:53,32.8,403483,0.2%,newmoon,03:39:46,354.9
2023-09-16,1,08:09:57,19:55:16,92.0,262.4,14:12:34,26.9,401285,1.9%,waxingcrescent,,18.1
2023-09-17,1,09:33:43,19:54:35,104.2,250.9,14:53:09,21.1,398544,5.6%,waxingcrescent,,21.3
2023-09-18,1,11:00:54,19:54:23,116.4,239.3,15:35:43,15.4,395274,11.2%,waxingcrescent,,20.8
2023-09-19,1,12:33:22,19:55:17,128.7,227.7,16:21:20,10.3,391478,18.6%,waxingcrescent,,18.2
2023-09-20,1,14:12:08,19:58:33,140.9,216.4,17:10:57,6.0,387178,27.6%,waxingcrescent,,13.8
2023-09-21,1,15:55:03,20:07:42,152.2,206.1,18:05:05,2.9,382443,37.8%,waxingcrescent,,8.0
2023-09-22,1,17:30:13,20:34:09,160.4,199.1,19:03:23,1.4,377426,49.0%,firstquarter,21:31:47,0.9
2023-09-23,1,18:30:25,21:41:46,160.2,200.5,20:04:23,1.5,372384,60.5%,waxinggibbous,,353.3
2023-09-24,1,18:53:43,23:27:09,151.8,210.2,21:05:49,3.5,367680,71.8%,waxinggibbous,,345.8
2023-09-25,1,19:01:57,,140.0,,22:05:32,7.4,363750,82.1%,waxinggibbous,,339.0
2023-09-26,1,,01:23:22,,223.5,23:02:17,12.9,361040,90.6%,waxinggibbous,,333.3
2023-09-26,2,19:04:58,,0.00,,,,,,,,
2023-09-27,1,,03:17:54,,238.0,23:56:00,19.5,359925,96.6%,waxinggibbous,,328.3
2023-09-27,2,19:05:55,,0.00,,,,,,,,
2023-09-28,1,,05:07:49,,253.1,,,,,waxinggibbous,,
2023-09-28,2,19:05:59,,0.00,,,,,,,,
2023-09-29,1,,06:53:54,,268.4,00:47:27,26.7,360630,99.6%,fullmoon,11:57:30,317.2
2023-09-29,2,19:05:46,,0.00,,,,,,,,
2023-09-30,1,,08:38:13,,283.4,01:37:47,34.1,363173,99.5%,waninggibbous,,164.2
2023-09-30,2,19:05:44,,0.00,,,,,,,,
2023-10-01,1,,10:22:50,,298.0,02:28:12,41.1,367348,96.4%,waninggibbous,,158.2
2023-10-01,2,19:06:24,,0.00,,,,,,,,
2023-10-02,1,,12:08:52,,311.8,03:19:40,47.2,372765,90.7%,waninggibbous,,160.1
2023-10-02,2,19:08:37,,0.00,,,,,,,,
2023-10-03,1,,13:55:13,,324.4,04:12:45,52.2,378909,83.0%,waninggibbous,,164.4
2023-10-03,2,19:14:16,,0.00,,,,,,,,
2023-10-04,1,,15:36:03,,334.7,05:07:19,55.7,385230,73.9%,waninggibbous,,170.1
2023-10-04,2,19:28:13,,0.00,,,,,,,,
2023-10-05,1,,16:56:33,,340.3,06:02:34,57.6,391207,64.0%,waninggibbous,,176.7
2023-10-05,2,20:02:45,,0.00,,,,,,,,
2023-10-06,1,,17:41:09,,338.3,06:57:10,57.8,396413,53.8%,thirdquarter,15:47:43,183.5
2023-10-06,2,21:10:11,,0.00,,,,,,,,
2023-10-07,1,,17:59:22,,330.9,07:49:46,56.6,400545,43.7%,waningcrescent,,190.0
2023-10-07,2,22:38:17,,0.00,,,,,,,,
2023-10-08,1,,18:06:34,,321.4,08:39:29,54.0,403434,34.0%,waningcrescent,,195.8
2023-10-09,1,00:10:26,18:09:20,41.2,311.0,09:26:02,50.3,405035,25.1%,waningcrescent,,200.6
2023-10-10,1,01:40:18,18:10:04,52.4,300.2,10:09:43,45.8,405407,17.2%,waningcrescent,,204.5
2023-10-11,1,03:06:44,18:09:47,63.9,289.1,10:51:12,40.6,404688,10.5%,waningcrescent,,207.3
2023-10-12,1,04:30:35,18:09:01,75.7,277.8,11:31:22,34.9,403062,5.2%,waningcrescent,,209.1
2023-10-13,1,05:53:27,18:08:04,87.8,266.4,12:11:11,29.0,400734,1.7%,waningcrescent,,210.1
2023-10-14,1,07:17:19,18:07:11,100.0,254.7,12:51:41,23.0,397904,0.1%,newmoon,19:55:09,213.9
2023-10-15,1,08:44:14,18:06:41,112.4,243.0,13:33:58,17.2,394744,0.5%,waxingcrescent,,23.9
2023-10-16,1,10:16:08,18:07:03,124.9,231.3,14:19:04,11.8,391384,3.2%,waxingcrescent,,22.2
2023-10-17,1,11:54:14,18:09:16,137.3,219.7,15:07:54,7.2,387910,8.0%,waxingcrescent,,18.0
2023-10-18,1,13:37:25,18:15:48,149.2,208.9,16:00:58,3.7,384369,14.8%,waxingcrescent,,12.4
2023-10-19,1,15:17:27,18:34:31,158.8,200.4,16:57:59,1.6,380793,23.6%,waxingcrescent,,5.6
2023-10-20,1,16:30:15,19:26:35,161.6,198.7,17:57:39,1.2,377230,33.9%,waxingcrescent,,358.2
2023-10-21,1,17:01:45,21:01:07,155.4,206.2,18:57:51,2.6,373767,45.2%,waxingcrescent,,350.8
2023-10-22,1,17:12:42,22:52:27,144.6,218.3,19:56:30,5.7,370561,57.0%,firstquarter,05:29:31,344.2
2023-10-23,1,17:16:40,,132.1,,20:52:21,10.5,367834,68.5%,waxinggibbous,,338.9
2023-10-24,1,,00:44:13,,232.0,21:45:12,16.5,365858,79.1%,waxinggibbous,,335.2
2023-10-24,2,17:17:58,,0.00,,,,,,,,
2023-10-25,1,,02:32:02,,246.4,22:35:43,23.3,364916,88.1%,waxinggibbous,,333.3
2023-10-25,2,17:18:07,,0.00,,,,,,,,
2023-10-26,1,,04:16:07,,261.2,23:25:03,30.5,365246,94.8%,waxinggibbous,,333.4
2023-10-26,2,17:17:50,,0.00,,,,,,,,
2023-10-27,1,,05:58:26,,276.0,,,,,waxinggibbous,,
2023-10-27,2,17:17:34,,0.00,,,,,,,,
2023-10-28,1,,07:41:20,,290.6,00:14:27,37.6,366981,98.9%,fullmoon,22:24:02,336.8
2023-10-28,2,17:17:45,,0.00,,,,,,,,
2023-10-29,1,,08:26:33,,304.9,01:05:03,44.2,370101,100.0%,waninggibbous,,124.2
2023-10-29,2,16:19:03,,0.00,,,,,,,,
2023-10-30,1,,10:14:14,,318.3,00:57:40,49.8,374422,98.3%,waninggibbous,,155.9
2023-10-30,2,16:22:45,,0.00,,,,,,,,
2023-10-31,1,,12:00:54,,330.2,01:52:28,54.1,379605,94.0%,waninggibbous,,163.2
2023-10-31,2,16:32:02,,0.00,,,,,,,,
2023-11-01,1,,13:35:29,,338.6,02:48:46,56.9,385207,87.7%,waninggibbous,,170.3
2023-11-01,2,16:55:38,,0.00,,,,,,,,
2023-11-02,1,,14:38:00,,340.0,03:45:11,57.9,390741,79.8%,waninggibbous,,177.6
2023-11-02,2,17:49:41,,0.00,,,,,,,,
2023-11-03,1,,15:05:43,,334.3,04:39:59,57.3,395745,70.8%,waninggibbous,,184.7
2023-11-03,2,19:13:11,,0.00,,,,,,,,
2023-11-04,1,,15:16:27,,325.3,05:31:51,55.2,399834,61.3%,waninggibbous,,191.0
2023-11-04,2,20:46:08,,0.00,,,,,,,,
2023-11-05,1,,15:20:38,,315.1,06:20:11,51.9,402734,51.4%,thirdquarter,09:36:48,196.3
2023-11-05,2,22:17:49,,0.00,,,,,,,,
2023-11-06,1,,15:22:02,,304.4,07:05:08,47.6,404294,41.7%,waningcrescent,,200.4
2023-11-06,2,23:45:38,,0.00,,,,,,,,
2023-11-07,1,,15:22:06,,293.5,07:47:23,42.7,404481,32.3%,waningcrescent,,203.3
2023-11-08,1,01:10:06,15:21:29,71.1,282.3,08:27:50,37.2,403374,23.6%,waningcrescent,,205.1
2023-11-09,1,02:32:52,15:20:36,83.0,270.9,09:07:33,31.4,401142,15.8%,waningcrescent,,205.5
2023-11-10,1,03:55:59,15:19:42,95.1,259.4,09:47:40,25.4,398029,9.2%,waningcrescent,,204.5
2023-11-11,1,05:21:43,15:19:05,107.5,247.6,10:29:19,19.5,394322,4.2%,waningcrescent,,201.3
2023-11-12,1,06:52:16,15:19:11,120.1,235.8,11:13:42,13.8,390326,1.0%,waningcrescent,,193.0
2023-11-13,1,08:29:21,15:20:46,132.7,224.0,12:01:50,8.8,386328,0.0%,newmoon,10:27:21,87.1
2023-11-14,1,10:12:55,15:25:42,145.0,212.6,12:54:26,4.8,382571,1.5%,waxingcrescent,,24.5
2023-11-15,1,11:57:29,15:39:36,155.8,202.9,13:51:25,2.2,379227,5.4%,waxingcrescent,,13.3
2023-11-16,1,13:23:16,16:19:33,161.5,198.5,14:51:31,1.2,376394,11.7%,waxingcrescent,,4.3
2023-11-17,1,14:06:32,17:43:59,157.6,203.6,15:52:28,2.1,374095,20.1%,waxingcrescent,,355.9
2023-11-18,1,14:21:52,19:32:34,147.8,214.7,16:51:52,4.7,372307,30.3%,waxingcrescent,,348.6
2023-11-19,1,14:27:25,21:23:34,135.7,227.9,17:48:04,9.0,370998,41.6%,waxingcrescent,,342.7
2023-11-20,1,14:29:23,23:10:14,122.9,241.8,18:40:45,14.5,370158,53.4%,firstquarter,11:49:53,338.5
2023-11-21,1,14:29:50,,109.7,,19:30:31,20.9,369821,65.0%,waxinggibbous,,336.0
2023-11-22,1,,00:52:12,,256.1,20:18:31,27.8,370072,75.8%,waxinggibbous,,335.3
2023-11-22,2,14:29:39,,0.00,,,,,,,,
2023-11-23,1,,02:31:24,,270.4,21:06:08,34.8,371022,85.1%,waxinggibbous,,336.6
2023-11-23,2,14:29:21,,0.00,,,,,,,,
2023-11-24,1,,04:10:23,,284.6,21:54:40,41.4,372772,92.4%,waxinggibbous,,340.3
2023-11-24,2,14:29:20,,0.00,,,,,,,,
2023-11-25,1,,05:51:28,,298.6,22:45:12,47.4,375378,97.3%,waxinggibbous,,347.9
2023-11-25,2,14:30:09,,0.00,,,,,,,,
2023-11-26,1,,07:35:55,,312.2,23:38:22,52.3,378805,99.7%,waxinggibbous,,14.7
2023-11-26,2,14:32:43,,0.00,,,,,,,,
2023-11-27,1,,09:22:28,,324.7,,,,,fullmoon,10:16:20,
2023-11-27,2,14:39:10,,0.00,,,,,,,,
2023-11-28,1,,11:04:10,,334.9,00:33:57,55.7,382908,99.5%,waninggibbous,,145.0
2023-11-28,2,14:55:08,,0.00,,,,,,,,
2023-11-29,1,,12:23:46,,339.9,01:30:51,57.5,387433,96.8%,waninggibbous,,166.1
2023-11-29,2,15:34:26,,0.00,,,,,,,,
2023-11-30,1,,13:05:58,,337.0,02:27:14,57.6,392042,92.1%,waninggibbous,,176.6
2023-11-30,2,16:47:48,,0.00,,,,,,,,
2023-12-01,1,,13:22:56,,329.0,03:21:17,56.1,396356,85.7%,waninggibbous,,184.7
2023-12-01,2,18:19:31,,0.00,,,,,,,,
2023-12-02,1,,13:29:41,,319.1,04:11:49,53.3,400005,77.9%,waninggibbous,,191.3
2023-12-02,2,19:53:04,,0.00,,,,,,,,
2023-12-03,1,,13:32:17,,308.6,04:58:36,49.3,402673,69.2%,waninggibbous,,196.4
2023-12-03,2,21:22:51,,0.00,,,,,,,,
2023-12-04,1,,13:32:58,,297.7,05:42:03,44.6,404123,59.9%,waninggibbous,,200.2
2023-12-04,2,22:48:24,,0.00,,,,,,,,
2023-12-05,1,,13:32:43,,286.7,06:23:04,39.4,404215,50.3%,thirdquarter,06:49:13,202.6
2023-12-06,1,00:11:03,13:32:00,78.2,275.5,07:02:42,33.7,402920,40.7%,waningcrescent,,203.9
2023-12-07,1,01:32:55,13:31:10,90.1,264.2,07:42:08,27.9,400319,31.2%,waningcrescent,,203.9
2023-12-08,1,02:56:20,13:30:30,102.3,252.6,08:22:36,22.0,396602,22.4%,waningcrescent,,202.4
2023-12-09,1,04:23:45,13:30:20,114.6,240.9,09:05:22,16.2,392056,14.5%,waningcrescent,,199.4
2023-12-10,1,05:57:27,13:31:19,127.2,229.1,09:51:43,10.9,387047,7.9%,waningcrescent,,194.1
2023-12-11,1,07:38:43,13:34:47,139.7,217.5,10:42:42,6.4,381987,3.1%,waningcrescent,,184.6
2023-12-12,1,09:25:11,13:44:28,151.5,206.8,11:38:45,3.1,377296,0.5%,waningcrescent,,158.1
2023-12-13,1,11:03:32,14:12:20,159.9,199.6,12:39:10,1.5,373344,0.5%,newmoon,00:32:02,35.9
2023-12-14,1,12:04:51,15:22:25,159.6,201.2,13:41:49,1.6,370402,3.3%,waxingcrescent,,7.6
2023-12-15,1,12:28:20,17:08:35,151.1,211.0,14:43:46,3.7,368599,8.8%,waxingcrescent,,355.6
2023-12-16,1,12:36:39,19:02:34,139.3,224.0,15:42:37,7.6,367915,16.8%,waxingcrescent,,347.5
2023-12-17,1,12:39:43,20:52:26,126.5,238.0,16:37:21,12.9,368214,26.7%,waxingcrescent,,341.8
2023-12-18,1,12:40:41,22:36:09,113.3,252.2,17:28:18,19.2,369302,37.8%,waxingcrescent,,338.2
2023-12-19,1,12:40:44,,100.0,,18:16:34,25.9,370980,49.5%,firstquarter,19:39:14,336.6
2023-12-20,1,,00:15:18,,266.4,19:03:32,32.8,373087,61.0%,waxinggibbous,,336.8
2023-12-20,2,12:40:29,,0.00,,,,,,,,
2023-12-21,1,,01:52:28,,280.5,19:50:39,39.4,375522,71.9%,waxinggibbous,,338.7
2023-12-21,2,12:40:22,,0.00,,,,,,,,
2023-12-22,1,,03:30:21,,294.2,20:39:12,45.5,378239,81.4%,waxinggibbous,,342.6
2023-12-22,2,12:40:51,,0.00,,,,,,,,
2023-12-23,1,,05:10:52,,307.6,21:30:05,50.7,381226,89.3%,waxinggibbous,,348.6
2023-12-23,2,12:42:40,,0.00,,,,,,,,
2023-12-24,1,,06:54:15,,320.2,22:23:39,54.6,384478,95.1%,waxinggibbous,,357.6
2023-12-24,2,12:47:22,,0.00,,,,,,,,
2023-12-25,1,,08:36:42,,331.3,23:19:18,57.0,387960,98.6%,waxinggibbous,,13.9
2023-12-25,2,12:58:43,,0.00,,,,,,,,
2023-12-26,1,,10:05:57,,338.6,,,,,waxinggibbous,,
2023-12-26,2,13:26:48,,0.00,,,,,,,,
2023-12-27,1,,11:02:35,,338.7,00:15:36,57.7,391580,99.8%,fullmoon,01:33:13,84.2
2023-12-27,2,14:26:55,,0.00,,,,,,,,
2023-12-28,1,,11:27:32,,332.3,01:10:40,56.8,395184,98.8%,waninggibbous,,164.4
2023-12-28,2,15:53:53,,0.00,,,,,,,,
2023-12-29,1,,11:37:30,,322.9,02:02:53,54.5,398556,95.8%,waninggibbous,,181.5
2023-12-29,2,17:28:10,,0.00,,,,,,,,
2023-12-30,1,,11:41:32,,312.5,02:51:27,50.9,401447,90.9%,waninggibbous,,190.3
2023-12-30,2,19:00:09,,0.00,,,,,,,,
2023-12-31,1,,11:42:56,,301.7,03:36:24,46.5,403595,84.6%,waninggibbous,,196.0
2023-12-31,2,20:27:32,,0.00,,,,,,,,
