Date,Rise,Set,RiseAzimuth,SetAzimuth,Meridian,Altitude,Distance,Illuminated,Phase,PhaseTime,PosAngle
2023-01-01,12:57:53,02:22:13,68.9,288.1,20:07:13,66.2,393999,79.1%,waxinggibbous,,343.7
2023-01-02,13:25:56,03:27:58,62.7,294.9,20:54:21,70.6,397717,86.7%,waxinggibbous,,349.1
2023-01-03,13:58:46,04:33:03,57.8,300.5,21:43:27,73.9,400760,92.7%,waxinggibbous,,356.5
2023-01-04,14:37:50,05:36:05,54.3,304.6,22:34:14,75.9,403145,97.0%,waxinggibbous,,7.1
2023-01-05,15:24:00,06:34:55,52.8,306.9,23:25:49,76.5,404894,99.3%,waxinggibbous,,29.0
2023-01-06,16:16:59,07:27:24,53.2,307.2,,,,,fullmoon,18:07:54,
2023-01-07,17:15:13,08:12:20,55.6,305.4,00:16:58,75.7,406006,99.8%,waninggibbous,,129.2
2023-01-08,18:16:24,08:49:51,59.7,302.0,01:06:30,73.7,406452,98.3%,waninggibbous,,174.2
2023-01-09,19:18:31,09:21:05,65.2,297.1,01:53:43,70.4,406170,95.1%,waninggibbous,,186.7
2023-01-10,20:20:23,09:47:33,71.6,291.2,02:38:26,66.3,405073,90.1%,waninggibbous,,193.7
2023-01-11,21:21:47,10:10:43,78.7,284.6,03:21:03,61.4,403068,83.6%,waninggibbous,,198.2
2023-01-12,22:23:13,10:31:58,86.3,277.4,04:02:16,55.9,400082,75.8%,waninggibbous,,201.0
2023-01-13,23:25:41,10:52:32,94.2,269.8,04:43:05,50.1,396087,66.7%,waninggibbous,,202.3
2023-01-14,,11:13:40,,262.1,05:24:41,44.1,391129,56.8%,thirdquarter,21:10:19,202.2
2023-01-15,00:30:27,11:36:46,102.1,254.4,06:08:22,38.2,385358,46.3%,waningcrescent,,200.7
2023-01-16,01:38:41,12:03:40,109.9,247.0,06:55:33,32.5,379048,35.5%,waningcrescent,,197.5
2023-01-17,02:51:01,12:36:46,117.1,240.5,07:47:38,27.5,372606,25.0%,waningcrescent,,192.5
2023-01-18,04:06:31,13:19:09,123.0,235.4,08:45:30,23.5,366560,15.5%,waningcrescent,,185.2
2023-01-19,05:21:40,14:13:55,126.7,232.6,09:48:52,21.3,361510,7.7%,waningcrescent,,175.3
2023-01-20,06:30:51,15:22:08,127.6,233.0,10:55:36,21.1,358042,2.4%,waningcrescent,,160.1
2023-01-21,07:29:15,16:40:35,125.1,236.6,12:02:10,23.2,356596,0.2%,newmoon,15:53:15,103.0
2023-01-22,08:15:49,18:02:59,119.8,243.0,13:05:16,27.4,357355,1.4%,waxingcrescent,,3.5
2023-01-23,08:52:38,19:23:57,112.5,251.0,14:03:17,33.0,360201,5.8%,waxingcrescent,,347.7
2023-01-24,09:22:41,20:41:02,104.1,259.9,14:56:21,39.5,364760,12.8%,waxingcrescent,,341.4
2023-01-25,09:48:35,21:54:09,95.4,268.9,15:45:35,46.3,370499,21.8%,waxingcrescent,,338.6
2023-01-26,10:12:27,23:04:18,86.7,277.7,16:32:24,53.0,376835,32.0%,waxingcrescent,,338.2
2023-01-27,10:35:56,,78.5,,17:18:14,59.2,383224,42.8%,waxingcrescent,,339.4
2023-01-28,11:00:34,00:12:35,70.9,285.8,18:04:15,64.8,389217,53.4%,firstquarter,10:18:46,342.3
2023-01-29,11:27:49,01:19:45,64.3,293.1,18:51:23,69.5,394490,63.7%,waxinggibbous,,346.5
2023-01-30,11:59:14,02:25:48,58.9,299.2,19:40:08,73.1,398843,73.0%,waxinggibbous,,351.9
2023-01-31,12:36:21,03:29:48,55.0,303.8,20:30:26,75.5,402189,81.3%,waxinggibbous,,358.5
2023-02-01,13:20:15,04:29:58,52.9,306.6,21:21:42,76.6,404528,88.3%,waxinggibbous,,6.2
2023-02-02,14:11:10,05:24:15,52.7,307.5,22:12:55,76.2,405921,93.8%,waxinggibbous,,15.1
2023-02-03,15:07:58,06:11:14,54.6,306.3,23:02:56,74.5,406462,97.5%,waxinggibbous,,27.0
2023-02-04,16:08:37,06:50:45,58.2,303.3,23:50:55,71.6,406244,99.5%,waxinggibbous,,54.7
2023-02-05,17:10:54,07:23:40,63.4,298.8,,,,,fullmoon,13:28:32,
2023-02-06,18:13:16,07:51:22,69.6,293.1,00:36:31,67.6,405343,99.6%,waninggibbous,,155.7
2023-02-07,19:15:07,08:15:22,76.6,286.6,01:19:52,62.9,403803,97.8%,waninggibbous,,186.9
2023-02-08,20:16:36,08:37:00,84.1,279.5,02:01:32,57.5,401630,94.2%,waninggibbous,,195.8
2023-02-09,21:18:25,08:57:29,91.9,272.0,02:42:20,51.8,398809,88.8%,waninggibbous,,199.7
2023-02-10,22:21:37,09:18:00,99.8,264.3,03:23:16,45.8,395313,81.7%,waninggibbous,,201.2
2023-02-11,23:27:16,09:39:48,107.6,256.7,04:05:29,39.9,391139,73.1%,waninggibbous,,200.8
2023-02-12,,10:04:25,,249.3,04:50:16,34.2,386330,63.3%,waninggibbous,,198.9
2023-02-13,00:36:08,10:33:48,114.8,242.6,05:38:52,29.0,381012,52.5%,thirdquarter,11:00:47,195.2
2023-02-14,01:48:03,11:10:33,121.1,237.0,06:32:21,24.8,375419,41.3%,waningcrescent,,189.9
2023-02-15,03:01:02,11:57:41,125.7,233.2,07:31:07,21.9,369908,30.1%,waningcrescent,,182.8
2023-02-16,04:10:54,12:57:31,127.8,232.1,08:34:15,20.8,364947,19.7%,waningcrescent,,174.4
2023-02-17,05:12:48,14:09:33,126.9,234.2,09:39:21,21.8,361064,10.8%,waningcrescent,,164.8
2023-02-18,06:04:00,15:29:30,123.0,239.2,10:43:16,24.9,358754,4.3%,waningcrescent,,153.6
2023-02-19,06:45:02,16:51:38,116.6,246.5,11:43:41,29.8,358363,0.7%,waningcrescent,,131.2
2023-02-20,07:18:17,18:11:57,108.7,255.2,12:39:43,36.0,360004,0.4%,newmoon,02:05:52,12.4
2023-02-21,07:46:24,19:28:58,99.8,264.5,13:31:49,42.8,363535,3.3%,waxingcrescent,,345.6
2023-02-22,08:11:38,20:42:55,90.8,273.8,14:21:08,49.9,368587,8.9%,waxingcrescent,,340.2
2023-02-23,08:35:50,21:54:38,82.0,282.6,15:08:57,56.6,374645,16.6%,waxingcrescent,,339.3
2023-02-24,09:00:35,23:04:50,73.8,290.6,15:56:28,62.8,381135,25.8%,waxingcrescent,,340.8
2023-02-25,09:27:24,,66.5,,16:44:39,68.0,387509,35.9%,waxingcrescent,,344.1
2023-02-26,09:57:51,00:13:37,60.4,297.3,17:34:04,72.2,393304,46.2%,waxingcrescent,,348.7
2023-02-27,10:33:27,01:20:13,55.8,302.7,18:24:49,75.1,398174,56.4%,firstquarter,03:05:37,354.4
2023-02-28,11:15:30,02:23:01,53.0,306.2,19:16:26,76.6,401901,66.1%,waxinggibbous,,0.8
2023-03-01,12:04:30,03:19:57,52.3,307.7,20:08:02,76.7,404393,75.0%,waxinggibbous,,7.6
2023-03-02,12:59:47,04:09:29,53.5,307.2,20:58:36,75.4,405668,82.9%,waxinggibbous,,14.5
2023-03-03,13:59:33,04:51:15,56.6,304.7,21:47:16,72.8,405826,89.5%,waxinggibbous,,21.2
2023-03-04,15:01:39,05:25:58,61.4,300.6,22:33:39,69.1,405020,94.7%,waxinggibbous,,28.3
2023-03-05,16:04:24,05:55:04,67.3,295.2,23:17:48,64.6,403429,98.2%,waxinggibbous,,37.7
2023-03-06,17:06:54,06:20:01,74.2,288.9,,,,,waxinggibbous,,
2023-03-07,18:09:04,06:42:15,81.7,281.8,00:00:10,59.3,401222,99.8%,fullmoon,07:40:20,71.0
2023-03-08,19:11:24,07:02:59,89.5,274.3,00:41:28,53.6,398546,99.4%,waninggibbous,,181.3
2023-03-09,20:14:44,07:23:25,97.6,266.6,01:22:37,47.6,395506,97.1%,waninggibbous,,196.8
2023-03-10,21:20:00,07:44:41,105.5,258.8,02:04:39,41.6,392167,92.6%,waninggibbous,,200.0
2023-03-11,22:27:54,08:08:11,112.9,251.2,02:48:40,35.7,388564,86.2%,waninggibbous,,199.7
2023-03-12,,09:35:36,,244.3,04:35:50,30.4,384721,78.0%,waninggibbous,,197.2
2023-03-13,00:38:25,10:09:08,119.5,238.3,05:27:06,25.8,380678,68.3%,waninggibbous,,192.9
2023-03-14,01:50:04,10:51:26,124.7,234.0,06:22:57,22.5,376526,57.4%,thirdquarter,22:08:18,187.0
2023-03-15,02:59:35,11:44:54,127.7,231.9,07:22:55,20.7,372432,45.8%,waningcrescent,,179.8
2023-03-16,04:02:36,12:50:09,127.9,232.7,08:25:18,20.9,368658,34.1%,waningcrescent,,172.0
2023-03-17,04:56:00,14:04:41,125.3,236.4,09:27:36,23.1,365540,23.2%,waningcrescent,,164.2
2023-03-18,05:39:27,15:23:50,120.0,242.6,10:27:34,27.2,363443,13.6%,waningcrescent,,157.1
2023-03-19,06:14:41,16:43:21,112.9,250.6,11:24:01,32.7,362696,6.3%,waningcrescent,,150.5
2023-03-20,06:44:12,18:01:01,104.5,259.6,12:16:57,39.2,363514,1.7%,waningcrescent,,142.1
2023-03-21,07:10:13,19:16:23,95.5,269.0,13:07:13,46.2,365944,0.1%,newmoon,13:23:08,69.9
2023-03-22,07:34:40,20:29:59,86.4,278.3,13:55:57,53.3,369841,1.4%,waxingcrescent,,344.2
2023-03-23,07:59:10,21:42:27,77.7,286.9,14:44:19,59.9,374886,5.5%,waxingcrescent,,340.2
2023-03-24,08:25:16,22:53:58,69.7,294.5,15:33:18,65.8,380633,11.9%,waxingcrescent,,341.5
2023-03-25,08:54:31,,62.8,,16:23:32,70.7,386577,19.8%,waxingcrescent,,345.2
2023-03-26,09:28:31,00:03:50,57.4,300.8,17:15:09,74.2,392223,29.0%,waxingcrescent,,350.2
2023-03-27,10:08:42,01:10:22,53.7,305.2,18:07:45,76.3,397138,38.7%,waxingcrescent,,356.3
2023-03-28,10:55:51,02:11:16,52.1,307.6,19:00:24,77.0,400990,48.7%,firstquarter,22:32:22,2.7
2023-03-29,11:49:36,03:04:35,52.5,307.9,19:52:01,76.2,403571,58.6%,waxinggibbous,,9.1
2023-03-30,12:48:23,03:49:33,55.0,306.1,20:41:41,74.1,404801,68.0%,waxinggibbous,,15.1
2023-03-31,13:50:02,04:26:45,59.2,302.5,21:28:56,70.8,404714,76.7%,waxinggibbous,,20.3
2023-04-01,14:52:44,04:57:36,64.8,297.5,22:13:48,66.5,403442,84.4%,waxinggibbous,,24.7
2023-04-02,15:55:25,05:23:44,71.4,291.5,22:56:43,61.5,401190,90.9%,waxinggibbous,,28.4
2023-04-03,16:57:54,05:46:41,78.7,284.6,23:38:24,55.8,398205,95.8%,waxinggibbous,,31.5
2023-04-04,18:00:34,06:07:48,86.6,277.2,,,,,waxinggibbous,,
2023-04-05,19:04:14,06:28:15,94.7,269.4,00:19:47,49.8,394748,98.9%,waxinggibbous,,36.0
2023-04-06,20:09:48,06:49:15,102.8,261.5,01:01:52,43.7,391066,100.0%,fullmoon,00:34:31,119.8
2023-04-07,21:18:03,07:12:06,110.7,253.7,01:45:46,37.6,387370,98.8%,waninggibbous,,198.8
2023-04-08,22:29:02,07:38:22,117.7,246.3,02:32:34,31.9,383815,95.4%,waninggibbous,,199.4
2023-04-09,23:41:32,08:10:06,123.5,239.9,03:23:13,27.0,380501,89.6%,waninggibbous,,196.2
2023-04-10,,08:49:43,,234.9,04:18:14,23.2,377475,81.7%,waninggibbous,,190.8
2023-04-11,00:52:26,09:39:37,127.2,232.1,05:17:12,21.0,374763,72.0%,waninggibbous,,184.1
2023-04-12,01:57:26,10:40:46,128.3,232.0,06:18:35,20.5,372388,60.9%,waninggibbous,,176.7
2023-04-13,02:53:00,11:51:23,126.6,234.7,07:20:01,22.1,370408,49.1%,thirdquarter,05:11:21,169.3
2023-04-14,03:38:19,13:07:21,122.2,240.0,08:19:17,25.4,368926,37.2%,waningcrescent,,162.7
2023-04-15,04:14:53,14:24:33,115.9,247.2,09:15:10,30.3,368091,26.0%,waningcrescent,,157.4
2023-04-16,04:45:07,15:40:32,108.1,255.7,10:07:34,36.4,368072,16.2%,waningcrescent,,153.7
2023-04-17,05:11:21,16:54:41,99.5,264.7,10:57:14,43.1,369025,8.4%,waningcrescent,,151.4
2023-04-18,05:35:31,18:07:27,90.6,274.0,11:45:19,50.0,371045,3.0%,waningcrescent,,150.5
2023-04-19,05:59:17,19:19:36,81.8,282.9,12:33:00,56.8,374124,0.3%,waningcrescent,,149.3
2023-04-20,06:24:11,20:31:36,73.4,291.1,13:21:23,63.1,378130,0.4%,newmoon,00:12:33,338.4
2023-04-21,06:51:45,21:43:03,65.9,298.1,14:11:16,68.5,382809,3.0%,waxingcrescent,,340.3
2023-04-22,07:23:37,22:52:30,59.6,303.5,15:02:57,72.8,387810,7.9%,waxingcrescent,,345.0
2023-04-23,08:01:24,23:57:26,55.0,306.9,15:56:07,75.6,392727,14.6%,waxingcrescent,,351.0
2023-04-24,08:46:12,,52.4,,16:49:50,77.0,397151,22.6%,waxingcrescent,,357.5
2023-04-25,09:38:05,00:55:15,52.0,308.1,17:42:50,76.8,400715,31.6%,waxingcrescent,,4.1
2023-04-26,10:35:44,01:44:25,53.7,307.1,18:33:56,75.1,403136,41.2%,waxingcrescent,,10.2
2023-04-27,11:36:53,02:24:59,57.3,304.2,19:22:24,72.3,404238,50.9%,firstquarter,17:19:59,15.6
2023-04-28,12:39:24,02:58:16,62.3,299.8,20:08:09,68.4,403959,60.6%,waxinggibbous,,20.1
2023-04-29,13:41:57,03:26:00,68.5,294.1,20:51:34,63.6,402351,70.0%,waxinggibbous,,23.5
2023-04-30,14:44:09,03:49:54,75.6,287.6,21:33:24,58.3,399571,78.6%,waxinggibbous,,25.7
2023-05-01,15:46:22,04:11:27,83.2,280.4,22:14:35,52.4,395862,86.3%,waxinggibbous,,26.7
2023-05-02,16:49:25,04:31:55,91.2,272.7,22:56:14,46.3,391538,92.6%,waxinggibbous,,26.4
2023-05-03,17:54:24,04:52:32,99.5,264.8,23:39:29,40.1,386947,97.2%,waxinggibbous,,24.1
2023-05-04,19:02:16,05:14:36,107.5,256.9,,,,,waxinggibbous,,
2023-05-05,20:13:30,05:39:37,115.1,249.2,00:25:34,34.2,382442,99.6%,fullmoon,13:34:02,16.2
2023-05-06,21:27:22,06:09:34,121.6,242.2,01:15:35,28.8,378341,99.7%,waninggibbous,,209.7
2023-05-07,22:41:06,06:46:53,126.2,236.5,02:10:14,24.4,374896,97.1%,waninggibbous,,198.1
2023-05-08,23:50:02,07:34:11,128.3,232.7,03:09:23,21.5,372262,91.9%,waninggibbous,,190.1
2023-05-09,,08:32:57,,231.7,04:11:32,20.5,370494,84.3%,waninggibbous,,182.0
2023-05-10,00:49:44,09:41:58,127.4,233.6,05:14:09,21.4,369557,74.6%,waninggibbous,,174.1
2023-05-11,01:38:23,10:57:07,123.8,238.2,06:14:34,24.3,369357,63.5%,waninggibbous,,167.0
2023-05-12,02:17:11,12:13:45,117.9,244.9,07:11:13,28.7,369787,51.7%,thirdquarter,10:28:17,161.4
2023-05-13,02:48:39,13:28:58,110.6,252.9,08:03:51,34.4,370762,39.9%,waningcrescent,,157.3
2023-05-14,03:15:20,14:41:56,102.4,261.6,08:53:09,40.8,372240,28.7%,waningcrescent,,155.0
2023-05-15,03:39:21,15:53:09,93.8,270.6,09:40:22,47.5,374218,18.8%,waningcrescent,,154.4
2023-05-16,04:02:25,17:03:35,85.1,279.4,10:26:48,54.2,376711,10.6%,waningcrescent,,155.7
2023-05-17,04:26:06,18:14:03,76.7,287.8,11:13:42,60.6,379723,4.7%,waningcrescent,,159.2
2023-05-18,04:51:54,19:24:45,68.9,295.2,12:02:03,66.4,383213,1.1%,waningcrescent,,167.8
2023-05-19,05:21:26,20:34:46,62.2,301.3,12:52:29,71.1,387073,0.0%,newmoon,11:53:18,269.4
2023-05-20,05:56:24,21:41:56,56.9,305.6,13:44:59,74.5,391120,1.3%,waxingcrescent,,338.3
2023-05-21,06:38:14,22:43:21,53.4,307.8,14:38:49,76.5,395101,4.8%,waxingcrescent,,349.2
2023-05-22,07:27:34,23:36:38,52.0,307.7,15:32:41,77.0,398718,10.2%,waxingcrescent,,357.4
2023-05-23,08:23:30,,52.8,,16:25:06,75.9,401666,17.0%,waxingcrescent,,4.6
2023-05-24,09:23:55,00:20:59,55.7,305.5,17:15:00,73.5,403664,25.1%,waxingcrescent,,10.8
2023-05-25,10:26:17,00:57:13,60.2,301.7,18:01:54,70.0,404495,34.1%,waxingcrescent,,16.0
2023-05-26,11:28:47,01:27:01,66.0,296.4,18:46:02,65.6,404020,43.6%,waxingcrescent,,19.9
2023-05-27,12:30:39,01:52:11,72.7,290.3,19:28:04,60.5,402200,53.4%,firstquarter,11:22:15,22.7
2023-05-28,13:32:03,02:14:20,80.0,283.4,20:08:54,54.9,399102,63.1%,waxinggibbous,,24.3
2023-05-29,14:33:48,02:34:52,87.8,276.0,20:49:40,48.9,394903,72.6%,waxinggibbous,,24.6
2023-05-30,15:36:59,02:55:02,95.8,268.3,21:31:35,42.8,389882,81.3%,waxinggibbous,,23.5
2023-05-31,16:42:53,03:16:04,103.9,260.4,22:15:57,36.8,384412,88.9%,waxinggibbous,,20.5
2023-06-01,17:52:28,03:39:28,111.8,252.6,23:04:05,31.1,378926,94.9%,waxinggibbous,,15.0
2023-06-02,19:05:50,04:07:02,118.8,245.2,23:57:07,26.2,373882,98.7%,waxinggibbous,,3.0
2023-06-03,20:21:15,04:41:11,124.4,238.8,,,,,fullmoon,23:41:46,
2023-06-04,21:34:27,05:24:49,127.7,234.1,00:55:27,22.6,369705,99.9%,waninggibbous,,265.8
2023-06-05,22:39:59,06:20:22,128.0,231.8,01:58:10,20.7,366729,98.2%,waninggibbous,,196.2
2023-06-06,23:34:14,07:27:51,125.2,232.7,03:02:48,20.9,365140,93.6%,waninggibbous,,182.3
2023-06-07,,08:43:36,,236.5,04:06:08,23.2,364945,86.3%,waninggibbous,,172.9
2023-06-08,00:17:15,10:02:05,119.9,242.7,05:05:39,27.3,365996,76.8%,waninggibbous,,165.7
2023-06-09,00:51:28,11:19:11,112.8,250.5,06:00:30,32.7,368042,65.9%,waninggibbous,,160.6
2023-06-10,01:19:42,12:33:18,104.8,259.1,06:51:09,38.9,370800,54.2%,thirdquarter,15:31:23,157.4
2023-06-11,01:44:22,13:44:42,96.2,268.0,07:38:49,45.6,374015,42.6%,waningcrescent,,156.1
2023-06-12,02:07:25,14:54:27,87.6,276.9,08:24:55,52.3,377485,31.5%,waningcrescent,,156.5
2023-06-13,02:30:27,16:03:39,79.2,285.2,09:10:50,58.7,381076,21.6%,waningcrescent,,158.5
2023-06-14,02:55:00,17:12:57,71.3,292.9,09:57:45,64.6,384708,13.3%,waningcrescent,,162.5
2023-06-15,03:22:38,18:22:06,64.4,299.3,10:46:34,69.6,388328,6.8%,waningcrescent,,168.7
2023-06-16,03:55:03,19:29:33,58.6,304.2,11:37:36,73.4,391890,2.5%,waningcrescent,,179.2
2023-06-17,04:33:53,20:32:44,54.5,307.2,12:30:30,75.9,395321,0.4%,waningcrescent,,208.5
2023-06-18,05:20:12,21:28:56,52.3,307.9,13:24:13,76.9,398511,0.4%,newmoon,00:37:10,325.5
2023-06-19,06:13:47,22:16:32,52.4,306.5,14:17:15,76.4,401304,2.6%,waxingcrescent,,352.2
2023-06-20,07:12:54,22:55:40,54.5,303.1,15:08:13,74.5,403513,6.6%,waxingcrescent,,3.2
2023-06-21,08:14:54,23:27:41,58.5,298.4,15:56:19,71.3,404936,12.3%,waxingcrescent,,10.5
2023-06-22,09:17:30,23:54:20,63.9,292.5,16:41:24,67.2,405381,19.4%,waxingcrescent,,15.9
2023-06-23,10:19:25,,70.2,,17:23:54,62.4,404691,27.6%,waxingcrescent,,19.7
2023-06-24,11:20:23,00:17:18,77.3,285.9,18:04:39,57.0,402768,36.7%,waxingcrescent,,22.1
2023-06-25,12:21:00,00:38:04,84.8,278.8,18:44:41,51.2,399594,46.4%,waxingcrescent,,23.3
2023-06-26,13:22:16,00:57:53,92.6,271.3,19:25:10,45.3,395248,56.5%,firstquarter,03:49:44,23.1
2023-06-27,14:25:30,01:17:59,100.5,263.6,20:07:24,39.3,389923,66.6%,waxinggibbous,,21.6
2023-06-28,15:31:55,01:39:42,108.4,255.9,20:52:45,33.6,383930,76.2%,waxinggibbous,,18.4
2023-06-29,16:42:22,02:04:38,115.7,248.5,21:42:36,28.4,377692,85.0%,waxinggibbous,,13.2
2023-06-30,17:56:23,02:34:59,122.0,241.6,22:37:59,24.1,371716,92.3%,waxinggibbous,,5.3
2023-07-01,19:11:13,03:13:34,126.5,236.1,23:38:56,21.4,366552,97.4%,waxinggibbous,,352.2
2023-07-02,20:21:39,04:03:31,128.2,232.6,,,,,waxinggibbous,,
2023-07-03,21:22:26,05:06:40,126.7,231.9,00:43:53,20.6,362707,99.7%,fullmoon,07:38:44,308.3
2023-07-04,22:11:28,06:21:13,122.3,234.6,01:49:39,22.0,360556,99.0%,waninggibbous,,194.9
2023-07-05,22:50:09,07:41:44,115.6,240.1,02:52:54,25.4,360253,95.0%,waninggibbous,,174.8
2023-07-06,23:21:20,09:02:29,107.6,247.6,03:51:35,30.6,361714,88.2%,waninggibbous,,165.7
2023-07-07,23:47:48,10:20:15,98.9,256.3,04:45:26,36.8,364655,79.2%,waninggibbous,,160.5
2023-07-08,,11:34:29,,265.4,05:35:23,43.5,368679,68.6%,waninggibbous,,157.8
2023-07-09,00:11:44,12:45:59,90.1,274.4,06:22:50,50.4,373358,57.3%,thirdquarter,21:47:53,157.1
2023-07-10,00:34:58,13:55:55,81.4,283.1,07:09:14,57.0,378301,45.8%,waningcrescent,,158.2
2023-07-11,00:59:04,15:05:14,73.4,290.9,07:55:55,63.1,383195,34.9%,waningcrescent,,160.9
2023-07-12,01:25:37,16:14:06,66.1,297.7,08:43:56,68.3,387820,25.0%,waningcrescent,,165.2
2023-07-13,01:56:15,17:21:34,60.0,303.0,09:33:51,72.5,392041,16.5%,waningcrescent,,171.2
2023-07-14,02:32:40,18:25:34,55.4,306.5,10:25:42,75.4,395785,9.5%,waningcrescent,,178.9
2023-07-15,03:16:13,19:23:32,52.7,307.9,11:18:45,76.8,399020,4.4%,waningcrescent,,189.1
2023-07-16,04:07:14,20:13:29,52.1,307.2,12:11:43,76.7,401723,1.3%,waningcrescent,,206.0
2023-07-17,05:04:34,20:55:00,53.6,304.4,13:03:13,75.2,403860,0.2%,newmoon,14:31:51,272.4
2023-07-18,06:05:49,21:29:01,57.1,300.0,13:52:11,72.4,405376,1.1%,waxingcrescent,,350.4
2023-07-19,07:08:26,21:57:09,62.0,294.5,14:38:11,68.6,406183,3.8%,waxingcrescent,,7.0
2023-07-20,08:10:39,22:21:04,68.1,288.1,15:21:25,64.0,406176,8.3%,waxingcrescent,,14.6
2023-07-21,09:11:48,22:42:16,75.0,281.1,16:02:30,58.8,405241,14.4%,waxingcrescent,,19.1
2023-07-22,10:12:04,23:02:01,82.3,273.8,16:42:19,53.1,403275,21.9%,waxingcrescent,,21.5
2023-07-23,11:12:16,23:21:30,90.0,266.2,17:21:55,47.3,400217,30.6%,waxingcrescent,,22.4
2023-07-24,12:13:30,23:41:55,97.8,258.6,18:02:31,41.4,396067,40.1%,waxingcrescent,,21.9
2023-07-25,13:17:02,,105.5,,18:45:22,35.7,390916,50.4%,firstquarter,18:06:47,20.0
2023-07-26,14:23:56,00:04:41,112.9,251.2,19:31:51,30.4,384966,61.0%,waxinggibbous,,16.5
2023-07-27,15:34:31,00:31:36,119.6,244.3,20:23:13,25.8,378548,71.4%,waxinggibbous,,11.2
2023-07-28,16:47:34,01:05:08,124.8,238.2,21:20:13,22.4,372115,81.2%,waxinggibbous,,4.0
2023-07-29,17:59:23,01:48:21,127.9,233.8,22:22:25,20.6,366226,89.6%,waxinggibbous,,354.7
2023-07-30,19:04:43,02:44:10,128.0,231.7,23:27:44,20.9,361475,95.8%,waxinggibbous,,342.3
2023-07-31,19:59:35,03:53:18,124.9,232.8,,,,,waxinggibbous,,
2023-08-01,20:43:30,05:12:21,119.1,237.0,00:32:53,23.4,358389,99.3%,fullmoon,14:31:40,316.4
2023-08-02,21:18:37,06:35:15,111.4,243.8,01:34:57,27.9,357311,99.5%,waninggibbous,,197.9
2023-08-03,21:47:44,07:57:02,102.6,252.4,02:32:31,33.9,358323,96.4%,waninggibbous,,169.1
2023-08-04,22:13:20,09:15:32,93.4,261.7,03:25:48,40.7,361245,90.4%,waninggibbous,,161.3
2023-08-05,22:37:26,10:30:46,84.4,271.2,04:15:53,47.9,365690,82.0%,waninggibbous,,158.4
2023-08-06,23:01:45,11:43:38,75.8,280.3,05:04:09,54.9,371157,72.0%,waninggibbous,,158.0
2023-08-07,23:27:54,12:55:06,68.1,288.7,05:52:00,61.3,377118,61.1%,waninggibbous,,159.7
2023-08-08,23:57:31,14:05:34,61.5,296.0,06:40:33,67.0,383098,50.0%,thirdquarter,06:28:25,163.0
2023-08-09,,15:14:24,,301.9,07:30:32,71.5,388718,39.3%,waningcrescent,,167.8
2023-08-10,00:32:18,16:19:56,56.4,306.0,08:22:09,74.8,393711,29.3%,waningcrescent,,173.8
2023-08-11,01:13:44,17:19:46,53.1,308.0,09:14:56,76.7,397919,20.5%,waningcrescent,,180.9
2023-08-12,02:02:32,18:11:53,51.8,307.8,10:07:53,77.0,401278,13.0%,waningcrescent,,188.7
2023-08-13,02:58:02,18:55:31,52.8,305.6,10:59:41,75.9,403786,7.1%,waningcrescent,,197.3
2023-08-14,03:58:15,19:31:22,55.7,301.6,11:49:16,73.5,405483,2.9%,waningcrescent,,207.8
2023-08-15,05:00:37,20:00:54,60.3,296.4,12:36:04,69.9,406415,0.6%,waningcrescent,,229.0
2023-08-16,06:03:09,20:25:48,66.1,290.1,13:20:04,65.5,406617,0.2%,newmoon,05:38:12,329.0
2023-08-17,07:04:48,20:47:34,72.8,283.3,14:01:44,60.4,406097,1.7%,waxingcrescent,,8.4
2023-08-18,08:05:25,21:07:30,80.1,276.0,14:41:49,54.9,404832,5.1%,waxingcrescent,,17.3
2023-08-19,09:05:33,21:26:45,87.7,268.5,15:21:16,49.0,402781,10.2%,waxingcrescent,,20.8
2023-08-20,10:06:05,21:46:26,95.5,260.9,16:01:07,43.2,399896,17.0%,waxingcrescent,,21.8
2023-08-21,11:08:08,22:07:48,103.2,253.5,16:42:32,37.4,396147,25.2%,waxingcrescent,,21.0
2023-08-22,12:12:42,22:32:22,110.7,246.4,17:26:42,32.0,391553,34.6%,waxingcrescent,,18.5
2023-08-23,13:20:21,23:02:09,117.5,240.1,18:14:51,27.2,386208,45.0%,waxingcrescent,,14.5
2023-08-24,14:30:36,23:39:47,123.2,235.1,19:07:53,23.4,380311,56.0%,firstquarter,05:57:16,8.9
2023-08-25,15:41:07,,127.2,,20:06:02,21.0,374191,67.1%,waxinggibbous,,1.8
2023-08-26,16:47:43,00:28:14,128.6,232.0,21:08:14,20.3,368300,77.7%,waxinggibbous,,353.6
2023-08-27,17:46:02,01:29:31,127.0,231.6,22:12:07,21.8,363184,87.0%,waxinggibbous,,344.7
2023-08-28,18:34:05,02:42:39,122.5,234.3,23:14:53,25.3,359401,94.2%,waxinggibbous,,335.1
2023-08-29,19:12:49,04:03:16,115.6,239.9,,,,,waxinggibbous,,
2023-08-30,19:44:36,05:25:58,107.2,247.7,00:14:26,30.6,357412,98.6%,fullmoon,21:35:37,321.1
2023-08-31,20:12:00,06:47:12,98.0,256.9,01:10:11,37.1,357481,99.9%,waninggibbous,,217.9
2023-09-01,20:37:08,08:05:48,88.5,266.6,02:02:41,44.4,359621,97.8%,waninggibbous,,165.1
2023-09-02,21:01:51,09:22:04,79.4,276.3,02:53:03,51.7,363593,92.8%,waninggibbous,,159.2
2023-09-03,21:27:50,10:36:46,70.9,285.4,03:42:36,58.7,368959,85.3%,waninggibbous,,158.7
2023-09-04,21:56:45,11:50:19,63.6,293.5,04:32:29,65.0,375171,76.1%,waninggibbous,,160.7
2023-09-05,22:30:19,13:02:15,57.7,300.2,05:23:30,70.2,381664,65.9%,waninggibbous,,164.7
2023-09-06,23:10:08,14:10:58,53.7,305.1,06:15:57,74.0,387927,55.3%,thirdquarter,18:21:04,170.0
2023-09-07,23:57:11,15:14:04,51.7,307.8,07:09:29,76.4,393551,44.7%,waningcrescent,,176.3
2023-09-08,,16:09:19,,308.3,08:03:10,77.3,398255,34.7%,waningcrescent,,183.1
2023-09-09,00:51:10,16:55:41,52.0,306.7,08:55:45,76.6,401883,25.5%,waningcrescent,,190.0
2023-09-10,01:50:24,17:33:41,54.4,303.2,09:46:10,74.5,404393,17.4%,waningcrescent,,196.6
2023-09-11,02:52:27,18:04:49,58.5,298.3,10:33:48,71.3,405830,10.7%,waningcrescent,,202.7
2023-09-12,03:55:10,18:30:49,64.0,292.3,11:18:34,67.1,406291,5.4%,waningcrescent,,208.6
2023-09-13,04:57:16,18:53:17,70.5,285.6,12:00:54,62.1,405899,1.9%,waningcrescent,,216.0
2023-09-14,05:58:25,19:13:36,77.7,278.3,12:41:30,56.7,404775,0.2%,newmoon,21:39:46,240.7
2023-09-15,06:58:59,19:32:54,85.3,270.8,13:21:12,50.9,403016,0.4%,waxingcrescent,,6.3
2023-09-16,07:59:43,19:52:19,93.1,263.1,14:01:00,44.9,400688,2.6%,waxingcrescent,,19.5
2023-09-17,09:01:33,20:12:58,101.0,255.6,14:41:57,39.0,397822,6.8%,waxingcrescent,,21.4
2023-09-18,10:05:26,20:36:12,108.6,248.4,15:25:08,33.5,394428,12.8%,waxingcrescent,,20.3
2023-09-19,11:11:54,21:03:47,115.7,241.8,16:11:38,28.5,390510,20.6%,waxingcrescent,,17.3
2023-09-20,12:20:42,21:37:54,121.8,236.4,17:02:18,24.4,386098,29.9%,waxingcrescent,,12.6
2023-09-21,13:30:06,22:21:12,126.3,232.6,17:57:29,21.5,381280,40.4%,waxingcrescent,,6.4
2023-09-22,14:36:40,23:15:54,128.6,231.2,18:56:35,20.2,376229,51.7%,firstquarter,15:31:47,359.2
2023-09-23,15:36:24,,128.2,,19:57:54,20.8,371231,63.2%,waxinggibbous,,351.5
2023-09-24,16:26:44,00:22:17,125.0,232.6,20:59:06,23.4,366668,74.4%,waxinggibbous,,344.1
2023-09-25,17:07:46,01:37:35,119.3,236.9,21:58:11,27.8,362986,84.3%,waxinggibbous,,337.5
2023-09-26,17:41:24,02:57:18,111.7,243.6,22:54:11,33.6,360622,92.3%,waxinggibbous,,332.1
2023-09-27,18:09:58,04:17:35,102.9,252.0,23:47:17,40.5,359923,97.6%,waxinggibbous,,326.9
2023-09-28,18:35:42,05:36:32,93.5,261.5,,,,,waxinggibbous,,
2023-09-29,19:00:26,06:53:57,84.0,271.3,00:38:22,47.9,361068,99.9%,fullmoon,05:57:30,303.9
2023-09-30,19:25:54,08:10:22,75.0,280.9,01:28:36,55.2,364020,99.0%,waninggibbous,,160.8
2023-10-01,19:53:48,09:26:17,66.9,289.8,02:19:11,62.0,368529,95.3%,waninggibbous,,158.4
2023-10-02,20:25:54,10:41:24,60.0,297.4,03:11:01,68.0,374166,89.0%,waninggibbous,,161.0
2023-10-03,21:03:57,11:54:12,55.0,303.4,04:04:29,72.6,380402,80.9%,waninggibbous,,165.6
2023-10-04,21:49:13,13:02:02,52.1,307.2,04:59:19,75.7,386686,71.6%,waninggibbous,,171.6
2023-10-05,22:41:49,14:02:04,51.5,308.6,05:54:32,77.3,392516,61.6%,waninggibbous,,178.2
2023-10-06,23:40:19,14:52:39,53.1,307.7,06:48:46,77.1,397491,51.4%,thirdquarter,09:47:43,185.0
2023-10-07,,15:33:55,,304.8,07:40:45,75.5,401341,41.3%,waningcrescent,,191.4
2023-10-08,00:42:13,16:07:22,56.7,300.3,08:29:43,72.7,403926,31.8%,waningcrescent,,197.0
2023-10-09,01:45:10,16:34:54,61.8,294.6,09:15:33,68.8,405229,23.1%,waningcrescent,,201.6
2023-10-10,02:47:38,16:58:21,68.0,288.1,09:58:39,64.0,405330,15.5%,waningcrescent,,205.2
2023-10-11,03:49:09,17:19:12,75.0,281.0,10:39:45,58.7,404379,9.1%,waningcrescent,,207.8
2023-10-12,04:50:01,17:38:42,82.5,273.5,11:19:44,52.9,402569,4.2%,waningcrescent,,209.4
2023-10-13,05:50:56,17:58:01,90.4,265.8,11:59:37,47.0,400106,1.1%,waningcrescent,,210.3
2023-10-14,06:52:53,18:18:16,98.3,258.1,12:40:27,41.0,397184,0.0%,newmoon,13:55:09,235.8
2023-10-15,07:56:48,18:40:44,106.2,250.6,13:23:17,35.2,393967,1.0%,waxingcrescent,,23.9
2023-10-16,09:03:18,19:07:01,113.6,243.7,14:09:12,29.9,390574,4.1%,waxingcrescent,,21.3
2023-10-17,10:12:17,19:39:08,120.1,237.8,14:59:00,25.4,387081,9.4%,waxingcrescent,,16.8
2023-10-18,11:22:12,20:19:29,125.2,233.4,15:53:04,22.1,383529,16.8%,waxingcrescent,,10.9
2023-10-19,12:29:54,21:10:16,128.3,231.3,16:50:52,20.3,379951,25.9%,waxingcrescent,,3.9
2023-10-20,13:31:20,22:12:08,128.7,231.8,17:50:52,20.3,376401,36.5%,waxingcrescent,,356.4
2023-10-21,14:23:35,23:23:05,126.4,235.0,18:50:52,22.2,372982,47.9%,firstquarter,23:29:31,349.1
2023-10-22,15:06:17,,121.7,,19:48:56,25.9,369867,59.7%,waxinggibbous,,342.8
2023-10-23,15:41:03,00:39:10,114.9,240.8,20:44:03,31.1,367290,71.1%,waxinggibbous,,337.8
2023-10-24,16:10:13,01:56:36,106.8,248.3,21:36:16,37.4,365533,81.4%,waxinggibbous,,334.6
2023-10-25,16:35:58,03:13:20,97.9,257.1,22:26:24,44.4,364872,89.9%,waxinggibbous,,333.1
2023-10-26,17:00:13,04:29:00,88.7,266.6,23:15:38,51.6,365526,96.0%,waxinggibbous,,333.8
2023-10-27,17:24:40,05:44:08,79.5,276.2,,,,,waxinggibbous,,
2023-10-28,17:50:59,06:59:29,70.9,285.4,00:05:13,58.7,367595,99.4%,fullmoon,16:24:02,338.9
2023-10-29,18:20:56,08:15:15,63.3,293.8,00:56:14,65.1,371021,99.8%,waninggibbous,,145.0
2023-10-30,18:56:25,09:30:24,57.2,300.7,01:49:23,70.5,375580,97.5%,waninggibbous,,157.7
2023-10-31,19:39:05,10:42:26,53.2,305.6,02:44:37,74.4,380904,92.7%,waninggibbous,,164.8
2023-11-01,20:29:39,11:47:55,51.5,308.2,03:41:06,76.8,386534,86.0%,waninggibbous,,172.0
2023-11-02,21:27:07,12:44:03,52.2,308.3,04:37:17,77.4,391982,77.8%,waninggibbous,,179.3
2023-11-03,22:29:01,13:30:01,55.1,306.2,05:31:30,76.4,396802,68.6%,waninggibbous,,186.2
2023-11-04,23:32:29,14:06:56,59.6,302.3,06:22:33,74.0,400631,59.0%,waninggibbous,,192.3
2023-11-05,23:35:33,13:36:49,65.5,297.0,06:10:03,70.4,403225,49.1%,thirdquarter,03:36:48,197.3
2023-11-06,,14:01:44,,290.7,06:54:18,65.9,404460,39.4%,waningcrescent,,201.2
2023-11-07,00:37:26,14:23:23,72.2,283.8,07:36:02,60.8,404332,30.2%,waningcrescent,,203.9
2023-11-08,01:38:18,14:43:14,79.5,276.5,08:16:13,55.2,402942,21.7%,waningcrescent,,205.3
2023-11-09,02:38:55,15:02:29,87.3,268.8,08:55:55,49.4,400479,14.1%,waningcrescent,,205.4
2023-11-10,03:40:20,15:22:17,95.2,261.1,09:36:17,43.4,397199,7.9%,waningcrescent,,204.0
2023-11-11,04:43:39,15:43:56,103.1,253.5,10:18:29,37.4,393396,3.3%,waningcrescent,,200.1
2023-11-12,05:49:48,16:08:56,110.8,246.2,11:03:39,31.9,389375,0.6%,waningcrescent,,188.5
2023-11-13,06:59:02,16:39:16,117.8,239.8,11:52:48,27.0,385414,0.2%,newmoon,04:27:21,49.3
2023-11-14,08:10:16,17:17:21,123.6,234.8,12:46:29,23.2,381741,2.2%,waxingcrescent,,21.3
2023-11-15,09:20:32,18:05:34,127.5,231.8,13:44:21,20.8,378512,6.6%,waxingcrescent,,11.1
2023-11-16,10:25:26,19:05:03,128.8,231.4,14:44:53,20.2,375805,13.5%,waxingcrescent,,2.2
2023-11-17,11:21:10,20:14:13,127.3,233.9,15:45:41,21.6,373629,22.4%,waxingcrescent,,354.1
2023-11-18,12:06:38,21:28:59,123.2,238.9,16:44:25,24.7,371957,32.9%,waxingcrescent,,347.1
2023-11-19,12:43:12,22:45:13,117.0,245.9,17:39:47,29.4,370758,44.3%,waxingcrescent,,341.5
2023-11-20,13:13:16,,109.5,,18:31:42,35.3,370031,56.2%,firstquarter,05:49:53,337.7
2023-11-21,13:39:11,00:00:26,101.0,254.2,19:20:56,41.9,369824,67.6%,waxinggibbous,,335.7
2023-11-22,14:02:59,01:14:04,92.1,263.2,20:08:43,48.9,370229,78.1%,waxinggibbous,,335.4
2023-11-23,14:26:24,02:26:47,83.1,272.5,20:56:26,55.8,371359,87.0%,waxinggibbous,,337.2
2023-11-24,14:51:01,03:39:34,74.5,281.6,21:45:21,62.4,373308,93.8%,waxinggibbous,,341.6
2023-11-25,15:18:35,04:53:11,66.6,290.2,22:36:29,68.1,376114,98.1%,waxinggibbous,,351.0
2023-11-26,15:50:59,06:07:28,59.9,297.6,23:30:16,72.7,379717,99.9%,waxinggibbous,,39.9
2023-11-27,16:30:07,07:20:42,54.9,303.5,,,,,fullmoon,04:16:20,
2023-11-28,17:17:22,08:29:41,52.1,307.2,00:26:18,75.8,383947,99.1%,waninggibbous,,152.7
2023-11-29,18:12:36,09:30:50,51.7,308.4,01:23:15,77.2,388524,95.9%,waninggibbous,,168.9
2023-11-30,19:13:47,10:21:58,53.7,307.2,02:19:13,76.9,393098,90.7%,waninggibbous,,178.7
2023-12-01,20:17:44,11:03:12,57.7,304.0,03:12:31,75.0,397288,83.9%,waninggibbous,,186.4
2023-12-02,21:21:45,11:36:14,63.1,299.1,04:02:10,71.9,400732,75.9%,waninggibbous,,192.6
2023-12-03,22:24:24,12:03:12,69.5,293.2,04:48:06,67.8,403131,67.1%,waninggibbous,,197.4
2023-12-04,23:25:29,12:26:05,76.6,286.6,05:30:53,62.9,404270,57.7%,waninggibbous,,200.9
2023-12-05,,12:46:29,,279.4,06:11:28,57.5,404034,48.0%,thirdquarter,00:49:13,203.0
2023-12-06,00:25:40,13:05:44,84.1,272.0,06:50:57,51.8,402420,38.4%,waningcrescent,,204.0
2023-12-07,01:25:59,13:25:01,91.9,264.3,07:30:31,45.8,399535,29.1%,waningcrescent,,203.7
2023-12-08,02:27:43,13:45:34,99.8,256.7,08:11:25,39.9,395594,20.4%,waningcrescent,,201.9
2023-12-09,03:32:04,14:08:52,107.5,249.3,08:54:55,34.2,390903,12.8%,waningcrescent,,198.4
2023-12-10,04:39:52,14:36:46,114.8,242.5,09:42:16,29.0,385844,6.6%,waningcrescent,,192.3
2023-12-11,05:50:53,15:11:41,121.2,236.8,10:34:26,24.7,380835,2.2%,waningcrescent,,181.2
2023-12-12,07:03:02,15:56:23,126.0,232.8,11:31:38,21.6,376287,0.2%,newmoon,18:32:02,138.7
2023-12-13,08:12:06,16:52:57,128.5,231.3,12:32:49,20.3,372553,0.9%,waxingcrescent,,25.0
2023-12-14,09:13:12,18:00:55,128.0,232.8,13:35:34,20.9,369873,4.4%,waxingcrescent,,4.3
2023-12-15,10:03:38,19:16:25,124.7,237.2,14:36:58,23.6,368340,10.5%,waxingcrescent,,353.5
2023-12-16,10:43:52,20:34:20,119.0,243.8,15:34:53,28.0,367903,19.0%,waxingcrescent,,345.9
2023-12-17,11:16:16,21:51:04,111.6,251.9,16:28:40,33.6,368407,29.2%,waxingcrescent,,340.8
2023-12-18,11:43:26,23:05:22,103.3,260.7,17:18:52,40.1,369651,40.5%,waxingcrescent,,337.7
2023-12-19,12:07:38,,94.6,,18:06:41,46.9,371442,52.2%,firstquarter,13:39:14,336.5
2023-12-20,12:30:42,00:17:39,85.7,269.9,18:53:34,53.8,373634,63.7%,waxinggibbous,,337.1
2023-12-21,12:54:19,01:29:02,77.1,278.9,19:40:55,60.4,376137,74.3%,waxinggibbous,,339.4
2023-12-22,13:20:06,02:40:35,69.1,287.5,20:29:57,66.3,378918,83.4%,waxinggibbous,,343.8
2023-12-23,13:49:52,03:52:46,62.1,295.2,21:21:28,71.2,381969,90.8%,waxinggibbous,,350.4
2023-12-24,14:25:33,05:04:50,56.6,301.5,22:15:36,74.8,385280,96.1%,waxinggibbous,,0.4
2023-12-25,15:08:55,06:14:26,52.9,306.0,23:11:34,76.8,388804,99.1%,waxinggibbous,,20.8
2023-12-26,16:00:42,07:18:10,51.6,308.2,,,,,fullmoon,19:33:13,
2023-12-27,16:59:44,08:13:05,52.7,307.9,00:07:45,77.2,392437,99.8%,waninggibbous,,118.0
2023-12-28,18:03:11,08:58:11,56.0,305.4,01:02:16,75.9,396007,98.3%,waninggibbous,,170.0
2023-12-29,19:07:50,09:34:26,60.9,301.1,01:53:40,73.2,399290,94.8%,waninggibbous,,183.9
2023-12-30,20:11:30,10:03:45,67.1,295.5,02:41:21,69.4,402029,89.5%,waninggibbous,,191.8
2023-12-31,21:13:22,10:28:09,74.0,289.1,03:25:31,64.7,403966,82.9%,waninggibbous,,197.1
