Date,Twi18Begin,Twi18End,Twi12Begin,Twi12End,Twi6Begin,Twi6End,Rise,Set,RiseAzimuth,SetAzimuth,Twi18Duration,Twi12Duration,Twi6Duration,DayLength,DayLengthDiff,Meridian,Altitude,Distance
2023-01-01,05:25:56,19:05:29,05:52:46,18:38:39,06:19:53,18:11:33,06:43:30,17:47:56,114.0,246.1,00:53:39,00:54:13,00:47:14,11:04:25,+00:00:14,12:15:40,49.0,147103000
2023-01-02,05:26:19,19:06:02,05:53:08,18:39:13,06:20:14,18:12:08,06:43:50,17:48:32,113.9,246.2,00:53:37,00:54:11,00:47:12,11:04:41,+00:00:16,12:16:08,49.1,147101000
2023-01-03,05:26:42,19:06:35,05:53:30,18:39:47,06:20:34,18:12:43,06:44:10,17:49:08,113.8,246.3,00:53:35,00:54:09,00:47:09,11:04:58,+00:00:17,12:16:36,49.2,147099000
2023-01-04,05:27:03,19:07:08,05:53:50,18:40:22,06:20:54,18:13:19,06:44:28,17:49:45,113.7,246.4,00:53:33,00:54:06,00:47:07,11:05:17,+00:00:19,12:17:03,49.3,147099000
2023-01-05,05:27:24,19:07:41,05:54:10,18:40:56,06:21:12,18:13:54,06:44:45,17:50:22,113.6,246.5,00:53:30,00:54:04,00:47:05,11:05:36,+00:00:19,12:17:30,49.4,147099000
2023-01-06,05:27:44,19:08:15,05:54:28,18:41:31,06:21:29,18:14:30,06:45:01,17:50:59,113.4,246.6,00:53:28,00:54:01,00:47:02,11:05:58,+00:00:22,12:17:57,49.5,147101000
2023-01-07,05:28:03,19:08:48,05:54:46,18:42:05,06:21:46,18:15:06,06:45:16,17:51:36,113.3,246.8,00:53:25,00:53:58,00:46:59,11:06:20,+00:00:22,12:18:23,49.6,147103000
2023-01-08,05:28:21,19:09:21,05:55:03,18:42:40,06:22:01,18:15:42,06:45:29,17:52:14,113.2,246.9,00:53:23,00:53:55,00:46:57,11:06:44,+00:00:24,12:18:48,49.8,147106000
2023-01-09,05:28:38,19:09:54,05:55:18,18:43:14,06:22:15,18:16:18,06:45:42,17:52:51,113.0,247.0,00:53:20,00:53:52,00:46:54,11:07:09,+00:00:25,12:19:13,49.9,147111000
2023-01-10,05:28:54,19:10:27,05:55:33,18:43:49,06:22:28,18:16:54,06:45:54,17:53:29,112.9,247.2,00:53:17,00:53:49,00:46:51,11:07:35,+00:00:26,12:19:37,50.1,147116000
2023-01-11,05:29:09,19:11:00,05:55:46,18:44:23,06:22:40,18:17:30,06:46:04,17:54:06,112.7,247.4,00:53:14,00:53:46,00:46:47,11:08:02,+00:00:27,12:20:01,50.2,147122000
2023-01-12,05:29:23,19:11:32,05:55:59,18:44:57,06:22:50,18:18:06,06:46:13,17:54:44,112.5,247.5,00:53:10,00:53:42,00:46:44,11:08:31,+00:00:29,12:20:24,50.4,147129000
2023-01-13,05:29:36,19:12:05,05:56:10,18:45:31,06:23:00,18:18:42,06:46:21,17:55:22,112.4,247.7,00:53:07,00:53:38,00:46:41,11:09:00,+00:00:29,12:20:47,50.5,147137000
2023-01-14,05:29:48,19:12:37,05:56:21,18:46:05,06:23:09,18:19:18,06:46:28,17:55:59,112.2,247.9,00:53:04,00:53:35,00:46:37,11:09:31,+00:00:31,12:21:09,50.7,147145000
2023-01-15,05:29:59,19:13:09,05:56:30,18:46:39,06:23:16,18:19:54,06:46:33,17:56:37,112.0,248.1,00:53:00,00:53:31,00:46:33,11:10:03,+00:00:32,12:21:31,50.9,147154000
2023-01-16,05:30:09,19:13:41,05:56:38,18:47:13,06:23:22,18:20:29,06:46:37,17:57:14,111.8,248.3,00:52:57,00:53:27,00:46:30,11:10:36,+00:00:33,12:21:51,51.1,147165000
2023-01-17,05:30:18,19:14:13,05:56:45,18:47:46,06:23:27,18:21:05,06:46:41,17:57:52,111.6,248.5,00:52:53,00:53:23,00:46:26,11:11:11,+00:00:35,12:22:11,51.3,147175000
2023-01-18,05:30:26,19:14:44,05:56:51,18:48:19,06:23:31,18:21:40,06:46:43,17:58:29,111.4,248.7,00:52:49,00:53:19,00:46:22,11:11:46,+00:00:35,12:22:31,51.5,147187000
2023-01-19,05:30:33,19:15:15,05:56:56,18:48:52,06:23:34,18:22:15,06:46:43,17:59:06,111.2,249.0,00:52:46,00:53:15,00:46:18,11:12:22,+00:00:36,12:22:50,51.7,147199000
2023-01-20,05:30:38,19:15:46,05:56:59,18:49:25,06:23:35,18:22:50,06:46:43,17:59:43,110.9,249.2,00:52:42,00:53:11,00:46:14,11:12:59,+00:00:37,12:23:08,51.9,147211000
2023-01-21,05:30:42,19:16:16,05:57:02,18:49:57,06:23:35,18:23:24,06:46:41,18:00:19,110.7,249.4,00:52:38,00:53:06,00:46:10,11:13:38,+00:00:39,12:23:25,52.1,147224000
2023-01-22,05:30:46,19:16:46,05:57:03,18:50:29,06:23:34,18:23:58,06:46:38,18:00:55,110.5,249.7,00:52:34,00:53:02,00:46:06,11:14:17,+00:00:39,12:23:41,52.4,147238000
2023-01-23,05:30:48,19:17:16,05:57:03,18:51:01,06:23:32,18:24:32,06:46:34,18:01:31,110.2,249.9,00:52:30,00:52:58,00:46:02,11:14:57,+00:00:40,12:23:57,52.6,147251000
2023-01-24,05:30:48,19:17:45,05:57:02,18:51:32,06:23:29,18:25:05,06:46:28,18:02:07,110.0,250.2,00:52:26,00:52:53,00:45:57,11:15:38,+00:00:41,12:24:12,52.8,147266000
2023-01-25,05:30:48,19:18:14,05:56:59,18:52:03,06:23:24,18:25:38,06:46:21,18:02:42,109.7,250.4,00:52:22,00:52:49,00:45:53,11:16:20,+00:00:42,12:24:26,53.1,147281000
2023-01-26,05:30:46,19:18:42,05:56:56,18:52:33,06:23:18,18:26:11,06:46:13,18:03:17,109.4,250.7,00:52:18,00:52:44,00:45:49,11:17:03,+00:00:43,12:24:39,53.3,147296000
2023-01-27,05:30:43,19:19:10,05:56:51,18:53:03,06:23:11,18:26:43,06:46:04,18:03:51,109.2,251.0,00:52:14,00:52:40,00:45:44,11:17:47,+00:00:44,12:24:52,53.6,147313000
2023-01-28,05:30:39,19:19:38,05:56:45,18:53:33,06:23:03,18:27:15,06:45:53,18:04:25,108.9,251.2,00:52:10,00:52:35,00:45:40,11:18:31,+00:00:44,12:25:03,53.8,147329000
2023-01-29,05:30:34,19:20:05,05:56:37,18:54:02,06:22:53,18:27:47,06:45:42,18:04:59,108.6,251.5,00:52:06,00:52:31,00:45:36,11:19:17,+00:00:46,12:25:14,54.1,147347000
2023-01-30,05:30:28,19:20:31,05:56:29,18:54:31,06:22:42,18:28:18,06:45:29,18:05:32,108.3,251.8,00:52:02,00:52:26,00:45:31,11:20:03,+00:00:46,12:25:24,54.4,147365000
2023-01-31,05:30:20,19:20:58,05:56:19,18:54:59,06:22:30,18:28:48,06:45:14,18:06:04,108.0,252.1,00:51:58,00:52:22,00:45:27,11:20:49,+00:00:46,12:25:33,54.7,147384000
2023-02-01,05:30:11,19:21:23,05:56:08,18:55:27,06:22:17,18:29:18,06:44:59,18:06:37,107.7,252.4,00:51:54,00:52:17,00:45:23,11:21:37,+00:00:48,12:25:42,54.9,147404000
2023-02-02,05:30:01,19:21:49,05:55:56,18:55:54,06:22:03,18:29:47,06:44:43,18:07:08,107.4,252.7,00:51:50,00:52:13,00:45:18,11:22:25,+00:00:48,12:25:49,55.2,147424000
2023-02-03,05:29:50,19:22:14,05:55:43,18:56:21,06:21:47,18:30:17,06:44:25,18:07:39,107.1,253.0,00:51:46,00:52:08,00:45:14,11:23:14,+00:00:49,12:25:56,55.5,147446000
2023-02-04,05:29:37,19:22:38,05:55:28,18:56:47,06:21:31,18:30:45,06:44:06,18:08:10,106.8,253.3,00:51:42,00:52:04,00:45:10,11:24:04,+00:00:50,12:26:02,55.8,147468000
2023-02-05,05:29:23,19:23:02,05:55:13,18:57:13,06:21:13,18:31:13,06:43:46,18:08:40,106.5,253.7,00:51:38,00:51:59,00:45:06,11:24:54,+00:00:50,12:26:07,56.1,147491000
2023-02-06,05:29:08,19:23:26,05:54:56,18:57:38,06:20:54,18:31:41,06:43:25,18:09:10,106.2,254.0,00:51:34,00:51:55,00:45:01,11:25:45,+00:00:51,12:26:11,56.4,147515000
2023-02-07,05:28:52,19:23:49,05:54:38,18:58:03,06:20:34,18:32:08,06:43:03,18:09:39,105.9,254.3,00:51:30,00:51:51,00:44:57,11:26:36,+00:00:51,12:26:14,56.7,147539000
2023-02-08,05:28:35,19:24:11,05:54:19,18:58:28,06:20:12,18:32:35,06:42:39,18:10:08,105.5,254.6,00:51:27,00:51:47,00:44:53,11:27:28,+00:00:52,12:26:17,57.1,147565000
2023-02-09,05:28:17,19:24:34,05:53:59,18:58:52,06:19:50,18:33:01,06:42:15,18:10:36,105.2,255.0,00:51:23,00:51:42,00:44:49,11:28:20,+00:00:52,12:26:19,57.4,147591000
2023-02-10,05:27:57,19:24:56,05:53:37,18:59:16,06:19:27,18:33:26,06:41:50,18:11:04,104.8,255.3,00:51:20,00:51:38,00:44:45,11:29:13,+00:00:53,12:26:20,57.7,147618000
2023-02-11,05:27:37,19:25:17,05:53:15,18:59:39,06:19:02,18:33:52,06:41:23,18:11:31,104.5,255.7,00:51:16,00:51:34,00:44:41,11:30:07,+00:00:54,12:26:20,58.0,147646000
2023-02-12,05:27:15,19:25:38,05:52:52,19:00:02,06:18:37,18:34:16,06:40:56,18:11:58,104.2,256.0,00:51:13,00:51:30,00:44:37,11:31:01,+00:00:54,12:26:20,58.4,147674000
2023-02-13,05:26:52,19:25:59,05:52:27,19:00:24,06:18:11,18:34:41,06:40:28,18:12:24,103.8,256.4,00:51:09,00:51:27,00:44:33,11:31:56,+00:00:55,12:26:18,58.7,147703000
2023-02-14,05:26:28,19:26:19,05:52:02,19:00:46,06:17:43,18:35:04,06:39:58,18:12:49,103.4,256.7,00:51:06,00:51:23,00:44:30,11:32:51,+00:00:55,12:26:17,59.0,147733000
2023-02-15,05:26:03,19:26:39,05:51:35,19:01:08,06:17:15,18:35:28,06:39:28,18:13:15,103.1,257.1,00:51:03,00:51:19,00:44:26,11:33:46,+00:00:55,12:26:14,59.4,147763000
2023-02-16,05:25:37,19:26:59,05:51:07,19:01:29,06:16:45,18:35:51,06:38:57,18:13:39,102.7,257.5,00:51:00,00:51:16,00:44:22,11:34:42,+00:00:56,12:26:11,59.7,147793000
2023-02-17,05:25:10,19:27:18,05:50:39,19:01:49,06:16:15,18:36:13,06:38:25,18:14:03,102.4,257.8,00:50:57,00:51:12,00:44:19,11:35:38,+00:00:56,12:26:07,60.1,147824000
2023-02-18,05:24:42,19:27:37,05:50:09,19:02:10,06:15:44,18:36:35,06:37:52,18:14:27,102.0,258.2,00:50:55,00:51:09,00:44:16,11:36:35,+00:00:57,12:26:02,60.4,147855000
2023-02-19,05:24:13,19:27:56,05:49:39,19:02:30,06:15:12,18:36:57,06:37:18,18:14:50,101.6,258.6,00:50:52,00:51:05,00:44:12,11:37:32,+00:00:57,12:25:57,60.8,147887000
2023-02-20,05:23:43,19:28:14,05:49:08,19:02:49,06:14:39,18:37:18,06:36:44,18:15:13,101.2,259.0,00:50:49,00:51:02,00:44:09,11:38:29,+00:00:57,12:25:51,61.1,147919000
2023-02-21,05:23:12,19:28:32,05:48:35,19:03:08,06:14:05,18:37:38,06:36:08,18:15:35,100.9,259.3,00:50:47,00:50:59,00:44:06,11:39:26,+00:00:57,12:25:44,61.5,147951000
2023-02-22,05:22:40,19:28:50,05:48:02,19:03:27,06:13:30,18:37:59,06:35:32,18:15:57,100.5,259.7,00:50:45,00:50:56,00:44:03,11:40:24,+00:00:58,12:25:37,61.9,147983000
2023-02-23,05:22:07,19:29:07,05:47:28,19:03:46,06:12:55,18:38:18,06:34:55,18:16:18,100.1,260.1,00:50:43,00:50:54,00:44:00,11:41:23,+00:00:59,12:25:29,62.2,148016000
2023-02-24,05:21:33,19:29:24,05:46:53,19:04:04,06:12:18,18:38:38,06:34:17,18:16:39,99.7,260.5,00:50:41,00:50:51,00:43:57,11:42:21,+00:00:58,12:25:20,62.6,148049000
2023-02-25,05:20:58,19:29:41,05:46:17,19:04:21,06:11:41,18:38:57,06:33:39,18:16:59,99.3,260.9,00:50:39,00:50:48,00:43:54,11:43:20,+00:00:59,12:25:11,63.0,148082000
2023-02-26,05:20:22,19:29:58,05:45:40,19:04:39,06:11:03,18:39:15,06:32:59,18:17:19,98.9,261.3,00:50:37,00:50:46,00:43:52,11:44:19,+00:00:59,12:25:01,63.3,148116000
2023-02-27,05:19:45,19:30:14,05:45:03,19:04:56,06:10:25,18:39:33,06:32:20,18:17:38,98.5,261.7,00:50:35,00:50:44,00:43:49,11:45:18,+00:00:59,12:24:51,63.7,148150000
2023-02-28,05:19:08,19:30:30,05:44:24,19:05:12,06:09:45,18:39:51,06:31:39,18:17:57,98.1,262.1,00:50:34,00:50:42,00:43:47,11:46:18,+00:01:00,12:24:40,64.1,148184000
2023-03-01,05:18:29,19:30:46,05:43:45,19:05:29,06:09:05,18:40:08,06:30:58,18:18:16,97.7,262.5,00:50:33,00:50:40,00:43:45,11:47:17,+00:00:59,12:24:29,64.5,148219000
2023-03-02,05:17:50,19:31:01,05:43:05,19:05:45,06:08:24,18:40:25,06:30:16,18:18:34,97.3,262.9,00:50:31,00:50:38,00:43:43,11:48:17,+00:01:00,12:24:17,64.8,148255000
2023-03-03,05:17:10,19:31:17,05:42:25,19:06:01,06:07:43,18:40:42,06:29:33,18:18:51,96.9,263.3,00:50:30,00:50:36,00:43:41,11:49:17,+00:01:00,12:24:04,65.2,148291000
2023-03-04,05:16:29,19:31:32,05:41:44,19:06:16,06:07:01,18:40:58,06:28:50,18:19:09,96.5,263.7,00:50:30,00:50:35,00:43:39,11:50:18,+00:01:01,12:23:51,65.6,148327000
2023-03-05,05:15:47,19:31:47,05:41:02,19:06:32,06:06:18,18:41:14,06:28:07,18:19:25,96.1,264.1,00:50:29,00:50:33,00:43:37,11:51:18,+00:01:00,12:23:38,66.0,148365000
2023-03-06,05:15:05,19:32:02,05:40:19,19:06:47,06:05:35,18:41:30,06:27:23,18:19:42,95.7,264.5,00:50:28,00:50:32,00:43:36,11:52:19,+00:01:01,12:23:24,66.4,148402000
2023-03-07,05:14:22,19:32:16,05:39:36,19:07:02,06:04:51,18:41:46,06:26:38,18:19:58,95.3,264.9,00:50:28,00:50:31,00:43:34,11:53:19,+00:01:00,12:23:10,66.8,148440000
2023-03-08,05:13:38,19:32:31,05:38:52,19:07:16,06:04:07,18:42:01,06:25:53,18:20:14,94.9,265.3,00:50:28,00:50:30,00:43:33,11:54:20,+00:01:01,12:22:55,67.2,148479000
2023-03-09,05:12:54,19:32:46,05:38:08,19:07:31,06:03:22,18:42:16,06:25:08,18:20:29,94.5,265.7,00:50:28,00:50:29,00:43:32,11:55:21,+00:01:01,12:22:40,67.6,148518000
2023-03-10,05:12:09,19:33:00,05:37:23,19:07:46,06:02:37,18:42:31,06:24:22,18:20:45,94.1,266.1,00:50:28,00:50:29,00:43:30,11:56:22,+00:01:01,12:22:25,67.9,148558000
2023-03-11,05:11:23,19:33:15,05:36:37,19:08:00,06:01:51,18:42:45,06:23:36,18:21:00,93.7,266.5,00:50:28,00:50:28,00:43:30,11:57:24,+00:01:02,12:22:09,68.3,148598000
2023-03-12,05:10:37,19:33:29,05:35:51,19:08:14,06:01:05,18:42:59,06:22:49,18:21:14,93.2,267.0,00:50:29,00:50:28,00:43:29,11:58:25,+00:01:01,12:21:54,68.7,148638000
2023-03-13,05:09:50,19:33:44,05:35:05,19:08:28,06:00:18,18:43:14,06:22:02,18:21:29,92.8,267.4,00:50:30,00:50:28,00:43:28,11:59:26,+00:01:01,12:21:37,69.1,148679000
2023-03-14,05:09:03,19:33:58,05:34:18,19:08:42,05:59:32,18:43:28,06:21:15,18:21:43,92.4,267.8,00:50:30,00:50:28,00:43:28,12:00:28,+00:01:02,12:21:21,69.5,148721000
2023-03-15,05:08:15,19:34:13,05:33:31,19:08:56,05:58:44,18:43:42,06:20:28,18:21:57,92.0,268.2,00:50:31,00:50:28,00:43:27,12:01:29,+00:01:01,12:21:04,69.9,148762000
2023-03-16,05:07:27,19:34:28,05:32:43,19:09:10,05:57:57,18:43:55,06:19:40,18:22:11,91.6,268.6,00:50:33,00:50:28,00:43:27,12:02:31,+00:01:02,12:20:47,70.3,148804000
2023-03-17,05:06:38,19:34:42,05:31:55,19:09:24,05:57:09,18:44:09,06:18:52,18:22:25,91.2,269.0,00:50:34,00:50:29,00:43:27,12:03:32,+00:01:01,12:20:30,70.7,148846000
2023-03-18,05:05:49,19:34:57,05:31:06,19:09:38,05:56:21,18:44:23,06:18:04,18:22:38,90.8,269.5,00:50:35,00:50:30,00:43:27,12:04:34,+00:01:02,12:20:13,71.1,148888000
2023-03-19,05:05:00,19:35:12,05:30:18,19:09:52,05:55:33,18:44:36,06:17:16,18:22:52,90.3,269.9,00:50:37,00:50:31,00:43:27,12:05:36,+00:01:02,12:19:56,71.5,148930000
2023-03-20,05:04:10,19:35:27,05:29:29,19:10:06,05:54:44,18:44:50,06:16:27,18:23:05,89.9,270.3,00:50:39,00:50:32,00:43:27,12:06:37,+00:01:01,12:19:38,71.9,148972000
2023-03-21,05:03:20,19:35:42,05:28:40,19:10:20,05:53:55,18:45:03,06:15:39,18:23:18,89.5,270.7,00:50:41,00:50:33,00:43:28,12:07:39,+00:01:02,12:19:20,72.3,149014000
2023-03-22,05:02:29,19:35:57,05:27:50,19:10:34,05:53:07,18:45:16,06:14:50,18:23:31,89.1,271.1,00:50:43,00:50:34,00:43:28,12:08:41,+00:01:02,12:19:02,72.7,149056000
2023-03-23,05:01:38,19:36:13,05:27:00,19:10:49,05:52:17,18:45:30,06:14:02,18:23:44,88.7,271.5,00:50:46,00:50:36,00:43:29,12:09:42,+00:01:01,12:18:45,73.1,149098000
2023-03-24,05:00:47,19:36:28,05:26:10,19:11:03,05:51:28,18:45:43,06:13:13,18:23:57,88.3,271.9,00:50:48,00:50:37,00:43:30,12:10:44,+00:01:02,12:18:27,73.5,149139000
2023-03-25,04:59:55,19:36:44,05:25:20,19:11:17,05:50:39,18:45:56,06:12:24,18:24:10,87.8,272.4,00:50:51,00:50:39,00:43:31,12:11:45,+00:01:01,12:18:09,73.9,149181000
2023-03-26,04:59:04,19:37:00,05:24:30,19:11:31,05:49:50,18:46:10,06:11:35,18:24:23,87.4,272.8,00:50:54,00:50:41,00:43:32,12:12:47,+00:01:02,12:17:51,74.3,149223000
2023-03-27,04:58:12,19:37:16,05:23:39,19:11:46,05:49:00,18:46:23,06:10:47,18:24:35,87.0,273.2,00:50:57,00:50:43,00:43:33,12:13:48,+00:01:01,12:17:33,74.6,149265000
2023-03-28,04:57:19,19:37:32,05:22:49,19:12:00,05:48:11,18:46:36,06:09:58,18:24:48,86.6,273.6,00:51:00,00:50:46,00:43:35,12:14:50,+00:01:02,12:17:14,75.0,149306000
2023-03-29,04:56:27,19:37:48,05:21:58,19:12:15,05:47:21,18:46:50,06:09:09,18:25:01,86.2,274.0,00:51:04,00:50:48,00:43:36,12:15:51,+00:01:01,12:16:56,75.4,149348000
2023-03-30,04:55:34,19:38:05,05:21:07,19:12:30,05:46:32,18:47:03,06:08:21,18:25:13,85.8,274.4,00:51:08,00:50:51,00:43:38,12:16:52,+00:01:01,12:16:38,75.8,149390000
2023-03-31,04:54:42,19:38:22,05:20:17,19:12:45,05:45:43,18:47:17,06:07:32,18:25:26,85.4,274.8,00:51:11,00:50:54,00:43:40,12:17:53,+00:01:01,12:16:20,76.2,149432000
2023-04-01,04:53:49,19:38:39,05:19:26,19:13:00,05:44:53,18:47:30,06:06:44,18:25:38,85.0,275.2,00:51:15,00:50:57,00:43:42,12:18:54,+00:01:01,12:16:03,76.6,149474000
2023-04-02,04:52:56,19:38:56,05:18:35,19:13:15,05:44:04,18:47:44,06:05:55,18:25:51,84.6,275.6,00:51:19,00:51:00,00:43:44,12:19:55,+00:01:01,12:15:45,77.0,149516000
2023-04-03,04:52:03,19:39:14,05:17:44,19:13:31,05:43:15,18:47:58,06:05:07,18:26:04,84.2,276.0,00:51:24,00:51:03,00:43:46,12:20:56,+00:01:01,12:15:27,77.4,149559000
2023-04-04,04:51:11,19:39:32,05:16:54,19:13:46,05:42:26,18:48:12,06:04:20,18:26:16,83.8,276.4,00:51:28,00:51:07,00:43:48,12:21:56,+00:01:00,12:15:10,77.7,149601000
2023-04-05,04:50:18,19:39:50,05:16:03,19:14:02,05:41:37,18:48:26,06:03:32,18:26:29,83.4,276.8,00:51:33,00:51:10,00:43:51,12:22:57,+00:01:01,12:14:52,78.1,149644000
2023-04-06,04:49:25,19:40:09,05:15:13,19:14:18,05:40:49,18:48:40,06:02:45,18:26:42,83.0,277.2,00:51:38,00:51:14,00:43:53,12:23:57,+00:01:00,12:14:35,78.5,149687000
2023-04-07,04:48:32,19:40:28,05:14:22,19:14:35,05:40:00,18:48:54,06:01:58,18:26:55,82.6,277.6,00:51:43,00:51:18,00:43:56,12:24:57,+00:01:00,12:14:18,78.9,149730000
2023-04-08,04:47:40,19:40:47,05:13:32,19:14:51,05:39:12,18:49:09,06:01:11,18:27:09,82.2,278.0,00:51:48,00:51:22,00:43:59,12:25:57,+00:01:00,12:14:01,79.2,149773000
2023-04-09,04:46:47,19:41:07,05:12:42,19:15:08,05:38:25,18:49:24,06:00:25,18:27:22,81.8,278.4,00:51:53,00:51:26,00:44:02,12:26:57,+00:01:00,12:13:45,79.6,149817000
2023-04-10,04:45:55,19:41:27,05:11:53,19:15:26,05:37:37,18:49:39,05:59:39,18:27:36,81.4,278.8,00:51:59,00:51:30,00:44:05,12:27:56,+00:00:59,12:13:29,80.0,149860000
2023-04-11,04:45:03,19:41:47,05:11:03,19:15:43,05:36:50,18:49:54,05:58:53,18:27:49,81.0,279.2,00:52:04,00:51:35,00:44:08,12:28:56,+00:01:00,12:13:13,80.4,149904000
2023-04-12,04:44:11,19:42:08,05:10:14,19:16:01,05:36:03,18:50:10,05:58:08,18:28:03,80.6,279.6,00:52:10,00:51:40,00:44:11,12:29:55,+00:00:59,12:12:57,80.7,149947000
2023-04-13,04:43:19,19:42:29,05:09:26,19:16:19,05:35:17,18:50:26,05:57:23,18:28:17,80.2,280.0,00:52:16,00:51:44,00:44:14,12:30:54,+00:00:59,12:12:42,81.1,149991000
2023-04-14,04:42:28,19:42:51,05:08:37,19:16:38,05:34:31,18:50:42,05:56:39,18:28:32,79.9,280.3,00:52:22,00:51:49,00:44:18,12:31:52,+00:00:58,12:12:27,81.4,150034000
2023-04-15,04:41:36,19:43:13,05:07:49,19:16:57,05:33:45,18:50:58,05:55:55,18:28:46,79.5,280.7,00:52:28,00:51:54,00:44:21,12:32:51,+00:00:59,12:12:12,81.8,150077000
2023-04-16,04:40:46,19:43:35,05:07:01,19:17:16,05:33:00,18:51:15,05:55:12,18:29:01,79.1,281.1,00:52:34,00:51:59,00:44:25,12:33:49,+00:00:58,12:11:58,82.2,150120000
2023-04-17,04:39:55,19:43:58,05:06:14,19:17:36,05:32:15,18:51:32,05:54:29,18:29:16,78.7,281.5,00:52:41,00:52:04,00:44:29,12:34:46,+00:00:57,12:11:44,82.5,150162000
2023-04-18,04:39:05,19:44:21,05:05:27,19:17:55,05:31:31,18:51:49,05:53:47,18:29:31,78.4,281.8,00:52:47,00:52:10,00:44:33,12:35:44,+00:00:58,12:11:31,82.9,150204000
2023-04-19,04:38:16,19:44:45,05:04:41,19:18:16,05:30:48,18:52:06,05:53:05,18:29:47,78.0,282.2,00:52:54,00:52:15,00:44:37,12:36:41,+00:00:57,12:11:18,83.2,150246000
2023-04-20,04:37:26,19:45:09,05:03:55,19:18:36,05:30:05,18:52:24,05:52:24,18:30:03,77.6,282.6,00:53:01,00:52:21,00:44:41,12:37:38,+00:00:57,12:11:05,83.6,150287000
2023-04-21,04:36:38,19:45:33,05:03:10,19:18:57,05:29:22,18:52:42,05:51:44,18:30:19,77.3,282.9,00:53:08,00:52:26,00:44:45,12:38:34,+00:00:56,12:10:53,83.9,150328000
2023-04-22,04:35:49,19:45:58,05:02:25,19:19:18,05:28:40,18:53:01,05:51:04,18:30:35,76.9,283.3,00:53:15,00:52:32,00:44:49,12:39:30,+00:00:56,12:10:41,84.2,150368000
2023-04-23,04:35:02,19:46:23,05:01:41,19:19:40,05:27:59,18:53:19,05:50:25,18:30:51,76.6,283.6,00:53:22,00:52:38,00:44:53,12:40:26,+00:00:56,12:10:30,84.6,150408000
2023-04-24,04:34:14,19:46:49,05:00:57,19:20:02,05:27:18,18:53:38,05:49:46,18:31:08,76.2,284.0,00:53:29,00:52:44,00:44:58,12:41:21,+00:00:55,12:10:19,84.9,150448000
2023-04-25,04:33:28,19:47:15,05:00:14,19:20:24,05:26:38,18:53:58,05:49:08,18:31:25,75.9,284.3,00:53:37,00:52:50,00:45:02,12:42:16,+00:00:55,12:10:09,85.2,150487000
2023-04-26,04:32:41,19:47:41,04:59:32,19:20:47,05:25:59,18:54:17,05:48:31,18:31:42,75.5,284.7,00:53:44,00:52:56,00:45:07,12:43:11,+00:00:55,12:09:59,85.6,150526000
2023-04-27,04:31:56,19:48:07,04:58:50,19:21:10,05:25:20,18:54:37,05:47:55,18:32:00,75.2,285.0,00:53:51,00:53:02,00:45:11,12:44:05,+00:00:54,12:09:50,85.9,150565000
2023-04-28,04:31:11,19:48:34,04:58:09,19:21:33,05:24:42,18:54:57,05:47:19,18:32:18,74.8,285.3,00:53:59,00:53:09,00:45:16,12:44:58,+00:00:53,12:09:41,86.2,150603000
2023-04-29,04:30:26,19:49:02,04:57:28,19:21:56,05:24:04,18:55:17,05:46:44,18:32:36,74.5,285.7,00:54:07,00:53:15,00:45:21,12:45:51,+00:00:53,12:09:32,86.5,150641000
2023-04-30,04:29:43,19:49:29,04:56:48,19:22:20,05:23:28,18:55:38,05:46:10,18:32:54,74.2,286.0,00:54:15,00:53:21,00:45:25,12:46:44,+00:00:53,12:09:24,86.8,150679000
2023-05-01,04:29:00,19:49:57,04:56:09,19:22:44,05:22:52,18:55:59,05:45:36,18:33:12,73.9,286.3,00:54:22,00:53:28,00:45:30,12:47:36,+00:00:52,12:09:17,87.1,150716000
2023-05-02,04:28:18,19:50:26,04:55:31,19:23:09,05:22:17,18:56:20,05:45:03,18:33:31,73.5,286.6,00:54:30,00:53:34,00:45:35,12:48:27,+00:00:51,12:09:10,87.4,150754000
2023-05-03,04:27:36,19:50:54,04:54:54,19:23:33,05:21:43,18:56:41,05:44:32,18:33:50,73.2,286.9,00:54:38,00:53:41,00:45:40,12:49:18,+00:00:51,12:09:03,87.7,150791000
2023-05-04,04:26:55,19:51:23,04:54:17,19:23:58,05:21:09,18:57:03,05:44:01,18:34:09,72.9,287.2,00:54:46,00:53:47,00:45:44,12:50:08,+00:00:50,12:08:58,88.0,150828000
2023-05-05,04:26:15,19:51:53,04:53:41,19:24:23,05:20:36,18:57:25,05:43:30,18:34:29,72.6,287.5,00:54:54,00:53:54,00:45:49,12:50:58,+00:00:50,12:08:52,88.3,150865000
2023-05-06,04:25:36,19:52:22,04:53:06,19:24:49,05:20:05,18:57:47,05:43:01,18:34:49,72.3,287.8,00:55:02,00:54:00,00:45:54,12:51:47,+00:00:49,12:08:48,88.6,150901000
2023-05-07,04:24:58,19:52:52,04:52:31,19:25:15,05:19:34,18:58:09,05:42:32,18:35:08,72.0,288.1,00:55:10,00:54:07,00:45:59,12:52:36,+00:00:49,12:08:43,88.8,150938000
2023-05-08,04:24:21,19:53:22,04:51:58,19:25:41,05:19:04,18:58:32,05:42:05,18:35:29,71.7,288.4,00:55:18,00:54:14,00:46:04,12:53:23,+00:00:47,12:08:40,89.1,150974000
2023-05-09,04:23:44,19:53:52,04:51:26,19:26:07,05:18:35,18:58:55,05:41:38,18:35:49,71.4,288.7,00:55:26,00:54:20,00:46:09,12:54:10,+00:00:47,12:08:37,89.4,151010000
2023-05-10,04:23:09,19:54:23,04:50:54,19:26:33,05:18:06,18:59:18,05:41:13,18:36:10,71.2,289.0,00:55:34,00:54:27,00:46:14,12:54:57,+00:00:47,12:08:34,89.6,151046000
2023-05-11,04:22:34,19:54:53,04:50:24,19:27:00,05:17:39,18:59:42,05:40:48,18:36:31,70.9,289.3,00:55:42,00:54:34,00:46:19,12:55:43,+00:00:46,12:08:33,89.9,151081000
2023-05-12,04:22:01,19:55:24,04:49:54,19:27:27,05:17:13,19:00:05,05:40:24,18:36:52,70.6,289.5,00:55:50,00:54:40,00:46:24,12:56:28,+00:00:45,12:08:31,89.8,151116000
2023-05-13,04:21:28,19:55:55,04:49:25,19:27:54,05:16:48,19:00:29,05:40:01,18:37:13,70.4,289.8,00:55:58,00:54:47,00:46:29,12:57:12,+00:00:44,12:08:31,89.6,151151000
2023-05-14,04:20:56,19:56:26,04:48:58,19:28:21,05:16:23,19:00:53,05:39:39,18:37:35,70.1,290.0,00:56:06,00:54:53,00:46:33,12:57:55,+00:00:43,12:08:31,89.4,151185000
2023-05-15,04:20:26,19:56:58,04:48:31,19:28:49,05:16:00,19:01:17,05:39:18,18:37:57,69.8,290.3,00:56:14,00:55:00,00:46:38,12:58:38,+00:00:43,12:08:31,89.1,151218000
2023-05-16,04:19:56,19:57:29,04:48:06,19:29:16,05:15:37,19:01:42,05:38:58,18:38:19,69.6,290.5,00:56:21,00:55:06,00:46:43,12:59:20,+00:00:42,12:08:32,88.9,151251000
2023-05-17,04:19:28,19:58:01,04:47:41,19:29:44,05:15:16,19:02:06,05:38:39,18:38:41,69.4,290.8,00:56:29,00:55:12,00:46:48,13:00:01,+00:00:41,12:08:34,88.7,151283000
2023-05-18,04:19:01,19:58:32,04:47:18,19:30:12,05:14:56,19:02:31,05:38:21,18:39:03,69.1,291.0,00:56:37,00:55:19,00:46:52,13:00:41,+00:00:40,12:08:36,88.4,151315000
2023-05-19,04:18:34,19:59:04,04:46:55,19:30:39,05:14:37,19:02:55,05:38:04,18:39:26,68.9,291.2,00:56:44,00:55:25,00:46:57,13:01:21,+00:00:40,12:08:39,88.2,151346000
2023-05-20,04:18:09,19:59:35,04:46:34,19:31:07,05:14:18,19:03:20,05:37:48,18:39:48,68.7,291.5,00:56:52,00:55:31,00:47:02,13:01:59,+00:00:38,12:08:42,88.0,151376000
2023-05-21,04:17:45,20:00:06,04:46:14,19:31:35,05:14:01,19:03:45,05:37:34,18:40:10,68.4,291.7,00:56:59,00:55:37,00:47:06,13:02:36,+00:00:37,12:08:46,87.8,151405000
2023-05-22,04:17:23,20:00:38,04:45:54,19:32:03,05:13:45,19:04:10,05:37:20,18:40:33,68.2,291.9,00:57:06,00:55:43,00:47:11,13:03:13,+00:00:37,12:08:51,87.6,151434000
2023-05-23,04:17:01,20:01:09,04:45:36,19:32:30,05:13:30,19:04:34,05:37:07,18:40:56,68.0,292.1,00:57:14,00:55:49,00:47:15,13:03:48,+00:00:35,12:08:56,87.4,151462000
2023-05-24,04:16:40,20:01:40,04:45:19,19:32:58,05:13:16,19:04:59,05:36:55,18:41:18,67.8,292.3,00:57:21,00:55:55,00:47:19,13:04:23,+00:00:35,12:09:01,87.2,151489000
2023-05-25,04:16:21,20:02:11,04:45:03,19:33:25,05:13:03,19:05:24,05:36:44,18:41:41,67.6,292.5,00:57:27,00:56:00,00:47:23,13:04:57,+00:00:34,12:09:07,87.0,151516000
2023-05-26,04:16:03,20:02:41,04:44:48,19:33:52,05:12:50,19:05:48,05:36:34,18:42:03,67.4,292.7,00:57:34,00:56:06,00:47:28,13:05:29,+00:00:32,12:09:13,86.9,151542000
2023-05-27,04:15:46,20:03:12,04:44:35,19:34:20,05:12:39,19:06:12,05:36:25,18:42:26,67.3,292.8,00:57:41,00:56:11,00:47:32,13:06:01,+00:00:32,12:09:20,86.7,151568000
2023-05-28,04:15:30,20:03:42,04:44:22,19:34:46,05:12:29,19:06:37,05:36:17,18:42:48,67.1,293.0,00:57:47,00:56:17,00:47:35,13:06:31,+00:00:30,12:09:28,86.5,151592000
2023-05-29,04:15:15,20:04:11,04:44:11,19:35:13,05:12:20,19:07:01,05:36:10,18:43:10,66.9,293.2,00:57:53,00:56:22,00:47:39,13:07:00,+00:00:29,12:09:35,86.4,151617000
2023-05-30,04:15:02,20:04:40,04:44:00,19:35:39,05:12:13,19:07:25,05:36:03,18:43:32,66.8,293.3,00:57:59,00:56:26,00:47:43,13:07:28,+00:00:28,12:09:44,86.2,151641000
2023-05-31,04:14:49,20:05:09,04:43:51,19:36:05,05:12:06,19:07:48,05:35:58,18:43:54,66.6,293.5,00:58:05,00:56:31,00:47:46,13:07:55,+00:00:27,12:09:52,86.1,151664000
2023-06-01,04:14:38,20:05:38,04:43:43,19:36:31,05:12:00,19:08:12,05:35:54,18:44:16,66.5,293.6,00:58:11,00:56:36,00:47:50,13:08:21,+00:00:26,12:10:01,85.9,151687000
2023-06-02,04:14:28,20:06:06,04:43:35,19:36:56,05:11:55,19:08:35,05:35:51,18:44:38,66.3,293.8,00:58:16,00:56:40,00:47:53,13:08:46,+00:00:25,12:10:10,85.8,151709000
2023-06-03,04:14:20,20:06:33,04:43:29,19:37:21,05:11:51,19:08:58,05:35:49,18:44:59,66.2,293.9,00:58:21,00:56:44,00:47:56,13:09:10,+00:00:24,12:10:20,85.7,151731000
2023-06-04,04:14:12,20:07:00,04:43:25,19:37:46,05:11:48,19:09:21,05:35:47,18:45:20,66.1,294.0,00:58:26,00:56:48,00:47:59,13:09:32,+00:00:22,12:10:30,85.6,151753000
2023-06-05,04:14:06,20:07:27,04:43:21,19:38:10,05:11:46,19:09:43,05:35:47,18:45:41,65.9,294.1,00:58:31,00:56:52,00:48:02,13:09:53,+00:00:21,12:10:41,85.5,151774000
2023-06-06,04:14:01,20:07:52,04:43:18,19:38:34,05:11:46,19:10:05,05:35:48,18:46:02,65.8,294.2,00:58:35,00:56:56,00:48:05,13:10:13,+00:00:20,12:10:51,85.4,151795000
2023-06-07,04:13:58,20:08:18,04:43:17,19:38:57,05:11:46,19:10:26,05:35:49,18:46:22,65.7,294.3,00:58:39,00:56:59,00:48:07,13:10:32,+00:00:19,12:11:02,85.3,151816000
2023-06-08,04:13:55,20:08:42,04:43:16,19:39:20,05:11:47,19:10:47,05:35:52,18:46:42,65.6,294.4,00:58:43,00:57:03,00:48:10,13:10:50,+00:00:18,12:11:14,85.2,151836000
2023-06-09,04:13:54,20:09:06,04:43:17,19:39:42,05:11:49,19:11:08,05:35:55,18:47:01,65.5,294.5,00:58:47,00:57:06,00:48:12,13:11:06,+00:00:16,12:11:25,85.1,151855000
2023-06-10,04:13:54,20:09:29,04:43:18,19:40:03,05:11:52,19:11:28,05:35:59,18:47:21,65.4,294.6,00:58:50,00:57:08,00:48:14,13:11:21,+00:00:15,12:11:37,85.0,151874000
2023-06-11,04:13:55,20:09:52,04:43:21,19:40:24,05:11:56,19:11:48,05:36:04,18:47:39,65.4,294.7,00:58:53,00:57:11,00:48:16,13:11:35,+00:00:14,12:11:49,84.9,151892000
2023-06-12,04:13:57,20:10:13,04:43:25,19:40:45,05:12:01,19:12:07,05:36:10,18:47:58,65.3,294.8,00:58:56,00:57:13,00:48:18,13:11:47,+00:00:12,12:12:02,84.9,151910000
2023-06-13,04:14:01,20:10:34,04:43:30,19:41:04,05:12:07,19:12:26,05:36:17,18:48:16,65.2,294.8,00:58:59,00:57:15,00:48:19,13:11:58,+00:00:11,12:12:14,84.8,151926000
2023-06-14,04:14:06,20:10:54,04:43:36,19:41:23,05:12:14,19:12:44,05:36:25,18:48:33,65.2,294.9,00:59:01,00:57:17,00:48:20,13:12:08,+00:00:10,12:12:27,84.8,151942000
2023-06-15,04:14:12,20:11:14,04:43:43,19:41:41,05:12:22,19:13:02,05:36:33,18:48:50,65.1,294.9,00:59:03,00:57:19,00:48:22,13:12:17,+00:00:09,12:12:40,84.7,151957000
2023-06-16,04:14:19,20:11:32,04:43:51,19:41:59,05:12:31,19:13:18,05:36:42,18:49:07,65.1,294.9,00:59:05,00:57:20,00:48:23,13:12:24,+00:00:07,12:12:53,84.7,151971000
2023-06-17,04:14:27,20:11:49,04:44:00,19:42:16,05:12:40,19:13:35,05:36:52,18:49:23,65.0,295.0,00:59:06,00:57:21,00:48:24,13:12:30,+00:00:06,12:13:06,84.6,151985000
2023-06-18,04:14:36,20:12:06,04:44:10,19:42:32,05:12:51,19:13:50,05:37:03,18:49:38,65.0,295.0,00:59:07,00:57:22,00:48:24,13:12:34,+00:00:04,12:13:19,84.6,151997000
2023-06-19,04:14:46,20:12:21,04:44:20,19:42:47,05:13:02,19:14:05,05:37:14,18:49:52,65.0,295.0,00:59:08,00:57:23,00:48:25,13:12:38,+00:00:04,12:13:32,84.6,152009000
2023-06-20,04:14:58,20:12:35,04:44:32,19:43:01,05:13:14,19:14:19,05:37:26,18:50:06,65.0,295.0,00:59:08,00:57:23,00:48:25,13:12:40,+00:00:02,12:13:46,84.6,152020000
2023-06-21,04:15:10,20:12:49,04:44:44,19:43:14,05:13:26,19:14:32,05:37:39,18:50:20,65.0,295.0,00:59:08,00:57:23,00:48:25,13:12:40,+00:00:00,12:13:59,84.6,152029000
2023-06-22,04:15:23,20:13:01,04:44:58,19:43:26,05:13:40,19:14:45,05:37:52,18:50:32,65.0,295.0,00:59:08,00:57:23,00:48:25,13:12:39,-00:00:01,12:14:12,84.6,152038000
2023-06-23,04:15:38,20:13:12,04:45:12,19:43:38,05:13:54,19:14:56,05:38:06,18:50:44,65.0,295.0,00:59:08,00:57:23,00:48:25,13:12:37,-00:00:02,12:14:25,84.6,152047000
2023-06-24,04:15:53,20:13:22,04:45:27,19:43:48,05:14:08,19:15:07,05:38:21,18:50:55,65.0,295.0,00:59:07,00:57:22,00:48:24,13:12:34,-00:00:03,12:14:38,84.6,152054000
2023-06-25,04:16:09,20:13:31,04:45:43,19:43:58,05:14:24,19:15:17,05:38:36,18:51:05,65.0,295.0,00:59:06,00:57:21,00:48:24,13:12:29,-00:00:05,12:14:51,84.6,152061000
2023-06-26,04:16:26,20:13:38,04:45:59,19:44:06,05:14:39,19:15:26,05:38:51,18:51:15,65.1,294.9,00:59:04,00:57:20,00:48:23,13:12:23,-00:00:06,12:15:03,84.7,152067000
2023-06-27,04:16:44,20:13:45,04:46:16,19:44:13,05:14:56,19:15:34,05:39:07,18:51:23,65.1,294.9,00:59:03,00:57:19,00:48:22,13:12:16,-00:00:07,12:15:16,84.7,152072000
2023-06-28,04:17:03,20:13:50,04:46:34,19:44:20,05:15:13,19:15:41,05:39:24,18:51:31,65.1,294.8,00:59:01,00:57:17,00:48:20,13:12:07,-00:00:09,12:15:28,84.8,152076000
2023-06-29,04:17:22,20:13:54,04:46:52,19:44:25,05:15:31,19:15:48,05:39:41,18:51:38,65.2,294.8,00:58:58,00:57:15,00:48:19,13:11:57,-00:00:10,12:15:40,84.8,152080000
2023-06-30,04:17:43,20:13:57,04:47:11,19:44:29,05:15:49,19:15:53,05:39:58,18:51:44,65.3,294.7,00:58:56,00:57:13,00:48:18,13:11:46,-00:00:11,12:15:52,84.9,152084000
2023-07-01,04:18:04,20:13:58,04:47:31,19:44:32,05:16:07,19:15:57,05:40:16,18:51:49,65.3,294.6,00:58:53,00:57:11,00:48:16,13:11:33,-00:00:13,12:16:04,84.9,152087000
2023-07-02,04:18:25,20:13:58,04:47:51,19:44:34,05:16:26,19:16:00,05:40:34,18:51:53,65.4,294.6,00:58:50,00:57:08,00:48:14,13:11:19,-00:00:14,12:16:15,85.0,152089000
2023-07-03,04:18:48,20:13:57,04:48:12,19:44:35,05:16:46,19:16:02,05:40:52,18:51:57,65.5,294.5,00:58:47,00:57:05,00:48:12,13:11:04,-00:00:15,12:16:26,85.1,152091000
2023-07-04,04:19:11,20:13:55,04:48:33,19:44:34,05:17:05,19:16:04,05:41:11,18:51:59,65.6,294.4,00:58:43,00:57:02,00:48:10,13:10:48,-00:00:16,12:16:37,85.2,152092000
2023-07-05,04:19:34,20:13:52,04:48:55,19:44:33,05:17:26,19:16:04,05:41:30,18:52:01,65.7,294.3,00:58:39,00:56:59,00:48:07,13:10:30,-00:00:18,12:16:47,85.3,152093000
2023-07-06,04:19:59,20:13:47,04:49:17,19:44:30,05:17:46,19:16:03,05:41:49,18:52:01,65.8,294.2,00:58:35,00:56:56,00:48:05,13:10:11,-00:00:19,12:16:57,85.4,152093000
2023-07-07,04:20:24,20:13:41,04:49:40,19:44:27,05:18:07,19:16:01,05:42:09,18:52:01,65.9,294.1,00:58:30,00:56:52,00:48:02,13:09:51,-00:00:20,12:17:07,85.5,152093000
2023-07-08,04:20:49,20:13:34,04:50:03,19:44:22,05:18:28,19:15:59,05:42:29,18:51:59,66.0,293.9,00:58:26,00:56:48,00:47:59,13:09:30,-00:00:21,12:17:17,85.6,152092000
2023-07-09,04:21:15,20:13:26,04:50:27,19:44:16,05:18:50,19:15:55,05:42:49,18:51:57,66.1,293.8,00:58:21,00:56:44,00:47:56,13:09:07,-00:00:23,12:17:26,85.7,152091000
2023-07-10,04:21:41,20:13:16,04:50:50,19:44:09,05:19:12,19:15:50,05:43:09,18:51:53,66.2,293.7,00:58:16,00:56:40,00:47:53,13:08:44,-00:00:23,12:17:34,85.8,152089000
2023-07-11,04:22:08,20:13:05,04:51:15,19:44:01,05:19:34,19:15:44,05:43:30,18:51:49,66.4,293.5,00:58:10,00:56:36,00:47:50,13:08:19,-00:00:25,12:17:42,86.0,152086000
2023-07-12,04:22:35,20:12:53,04:51:39,19:43:51,05:19:56,19:15:37,05:43:50,18:51:44,66.5,293.4,00:58:05,00:56:31,00:47:47,13:07:53,-00:00:26,12:17:50,86.1,152082000
2023-07-13,04:23:03,20:12:39,04:52:04,19:43:41,05:20:18,19:15:28,05:44:11,18:51:37,66.7,293.2,00:57:59,00:56:26,00:47:43,13:07:26,-00:00:27,12:17:57,86.2,152078000
2023-07-14,04:23:31,20:12:24,04:52:29,19:43:29,05:20:41,19:15:19,05:44:31,18:51:30,66.8,293.1,00:57:53,00:56:21,00:47:39,13:06:58,-00:00:28,12:18:04,86.4,152072000
2023-07-15,04:23:59,20:12:08,04:52:54,19:43:16,05:21:03,19:15:09,05:44:52,18:51:22,67.0,292.9,00:57:47,00:56:16,00:47:36,13:06:29,-00:00:29,12:18:11,86.5,152066000
2023-07-16,04:24:27,20:11:51,04:53:19,19:43:02,05:21:26,19:14:58,05:45:13,18:51:12,67.2,292.7,00:57:40,00:56:11,00:47:32,13:05:59,-00:00:30,12:18:16,86.7,152059000
2023-07-17,04:24:56,20:11:33,04:53:45,19:42:47,05:21:49,19:14:45,05:45:34,18:51:02,67.3,292.6,00:57:34,00:56:06,00:47:28,13:05:27,-00:00:32,12:18:22,86.9,152051000
2023-07-18,04:25:25,20:11:13,04:54:10,19:42:31,05:22:12,19:14:32,05:45:55,18:50:50,67.5,292.4,00:57:27,00:56:00,00:47:24,13:04:55,-00:00:32,12:18:27,87.0,152042000
2023-07-19,04:25:54,20:10:52,04:54:36,19:42:13,05:22:35,19:14:17,05:46:16,18:50:38,67.7,292.2,00:57:21,00:55:55,00:47:20,13:04:22,-00:00:33,12:18:31,87.2,152032000
2023-07-20,04:26:23,20:10:30,04:55:02,19:41:55,05:22:58,19:14:01,05:46:36,18:50:24,67.9,292.0,00:57:14,00:55:49,00:47:15,13:03:47,-00:00:35,12:18:35,87.4,152022000
2023-07-21,04:26:52,20:10:07,04:55:27,19:41:35,05:23:20,19:13:44,05:46:57,18:50:09,68.1,291.8,00:57:06,00:55:43,00:47:11,13:03:12,-00:00:35,12:18:38,87.6,152010000
2023-07-22,04:27:21,20:09:42,04:55:53,19:41:14,05:23:43,19:13:26,05:47:18,18:49:54,68.3,291.6,00:56:59,00:55:37,00:47:07,13:02:36,-00:00:36,12:18:40,87.8,151998000
2023-07-23,04:27:51,20:09:17,04:56:19,19:40:52,05:24:06,19:13:07,05:47:38,18:49:37,68.5,291.3,00:56:52,00:55:31,00:47:02,13:01:58,-00:00:38,12:18:42,88.0,151985000
2023-07-24,04:28:20,20:08:50,04:56:44,19:40:29,05:24:28,19:12:47,05:47:58,18:49:19,68.8,291.1,00:56:45,00:55:25,00:46:58,13:01:20,-00:00:38,12:18:44,88.2,151971000
2023-07-25,04:28:49,20:08:22,04:57:10,19:40:05,05:24:51,19:12:26,05:48:18,18:49:00,69.0,290.9,00:56:37,00:55:19,00:46:53,13:00:41,-00:00:39,12:18:44,88.4,151956000
2023-07-26,04:29:18,20:07:52,04:57:35,19:39:39,05:25:13,19:12:04,05:48:38,18:48:40,69.2,290.7,00:56:30,00:55:13,00:46:49,13:00:02,-00:00:39,12:18:44,88.6,151941000
2023-07-27,04:29:47,20:07:22,04:58:00,19:39:13,05:25:35,19:11:41,05:48:58,18:48:20,69.5,290.4,00:56:22,00:55:06,00:46:44,12:59:21,-00:00:41,12:18:44,88.9,151925000
2023-07-28,04:30:16,20:06:51,04:58:25,19:38:45,05:25:57,19:11:16,05:49:18,18:47:58,69.7,290.2,00:56:14,00:55:00,00:46:39,12:58:39,-00:00:42,12:18:43,89.1,151909000
2023-07-29,04:30:45,20:06:18,04:58:50,19:38:17,05:26:19,19:10:51,05:49:37,18:47:35,69.9,289.9,00:56:06,00:54:54,00:46:34,12:57:57,-00:00:42,12:18:41,89.3,151892000
2023-07-30,04:31:13,20:05:45,04:59:15,19:37:47,05:26:40,19:10:25,05:49:56,18:47:11,70.2,289.7,00:55:59,00:54:47,00:46:30,12:57:14,-00:00:43,12:18:39,89.6,151874000
2023-07-31,04:31:42,20:05:10,04:59:39,19:37:16,05:27:01,19:09:57,05:50:15,18:46:46,70.5,289.4,00:55:51,00:54:41,00:46:25,12:56:30,-00:00:44,12:18:36,89.8,151856000
2023-08-01,04:32:10,20:04:35,05:00:03,19:36:45,05:27:22,19:09:29,05:50:33,18:46:20,70.7,289.1,00:55:43,00:54:34,00:46:20,12:55:46,-00:00:44,12:18:32,89.9,151837000
2023-08-02,04:32:38,20:03:58,05:00:27,19:36:12,05:27:43,19:09:00,05:50:52,18:45:53,71.0,288.9,00:55:35,00:54:28,00:46:15,12:55:01,-00:00:45,12:18:28,89.7,151819000
2023-08-03,04:33:06,20:03:21,05:00:51,19:35:39,05:28:03,19:08:29,05:51:10,18:45:25,71.3,288.6,00:55:27,00:54:21,00:46:10,12:54:15,-00:00:46,12:18:23,89.4,151799000
2023-08-04,04:33:33,20:02:42,05:01:15,19:35:04,05:28:24,19:07:58,05:51:28,18:44:56,71.5,288.3,00:55:19,00:54:15,00:46:05,12:53:28,-00:00:47,12:18:18,89.2,151780000
2023-08-05,04:34:00,20:02:03,05:01:38,19:34:29,05:28:44,19:07:26,05:51:45,18:44:27,71.8,288.0,00:55:11,00:54:08,00:46:01,12:52:41,-00:00:47,12:18:12,88.9,151759000
2023-08-06,04:34:27,20:01:23,05:02:01,19:33:53,05:29:03,19:06:53,05:52:03,18:43:56,72.1,287.7,00:55:03,00:54:01,00:45:56,12:51:53,-00:00:48,12:18:05,88.6,151739000
2023-08-07,04:34:54,20:00:42,05:02:24,19:33:16,05:29:23,19:06:19,05:52:20,18:43:25,72.4,287.4,00:54:55,00:53:55,00:45:51,12:51:05,-00:00:48,12:17:58,88.3,151718000
2023-08-08,04:35:20,20:00:00,05:02:46,19:32:38,05:29:42,19:05:45,05:52:36,18:42:52,72.7,287.1,00:54:47,00:53:48,00:45:46,12:50:15,-00:00:50,12:17:51,88.0,151696000
2023-08-09,04:35:46,19:59:17,05:03:08,19:31:59,05:30:01,19:05:09,05:52:53,18:42:19,73.0,286.8,00:54:40,00:53:42,00:45:41,12:49:26,-00:00:49,12:17:42,87.8,151673000
2023-08-10,04:36:12,19:58:33,05:03:30,19:31:19,05:30:20,19:04:33,05:53:09,18:41:45,73.3,286.5,00:54:32,00:53:35,00:45:37,12:48:36,-00:00:50,12:17:33,87.5,151650000
2023-08-11,04:36:38,19:57:49,05:03:52,19:30:39,05:30:38,19:03:55,05:53:25,18:41:10,73.6,286.2,00:54:24,00:53:29,00:45:32,12:47:45,-00:00:51,12:17:24,87.2,151627000
2023-08-12,04:37:03,19:57:04,05:04:13,19:29:58,05:30:56,19:03:17,05:53:41,18:40:35,73.9,285.9,00:54:16,00:53:23,00:45:27,12:46:54,-00:00:51,12:17:14,86.9,151602000
2023-08-13,04:37:27,19:56:18,05:04:34,19:29:16,05:31:14,19:02:39,05:53:56,18:39:58,74.3,285.6,00:54:09,00:53:16,00:45:22,12:46:02,-00:00:52,12:17:04,86.6,151577000
2023-08-14,04:37:52,19:55:32,05:04:54,19:28:33,05:31:31,19:01:59,05:54:11,18:39:21,74.6,285.2,00:54:01,00:53:10,00:45:18,12:45:09,-00:00:53,12:16:53,86.3,151551000
2023-08-15,04:38:16,19:54:45,05:05:14,19:27:50,05:31:48,19:01:19,05:54:26,18:38:43,74.9,284.9,00:53:53,00:53:04,00:45:13,12:44:17,-00:00:52,12:16:41,86.0,151524000
2023-08-16,04:38:39,19:53:57,05:05:34,19:27:06,05:32:05,19:00:38,05:54:40,18:38:04,75.2,284.6,00:53:46,00:52:58,00:45:09,12:43:23,-00:00:54,12:16:29,85.6,151497000
2023-08-17,04:39:02,19:53:09,05:05:54,19:26:21,05:32:21,18:59:56,05:54:55,18:37:25,75.6,284.2,00:53:39,00:52:52,00:45:04,12:42:30,-00:00:53,12:16:16,85.3,151469000
2023-08-18,04:39:25,19:52:20,05:06:13,19:25:36,05:32:37,18:59:14,05:55:08,18:36:45,75.9,283.9,00:53:31,00:52:46,00:45:00,12:41:36,-00:00:54,12:16:03,85.0,151440000
2023-08-19,04:39:47,19:51:30,05:06:31,19:24:50,05:32:53,18:58:31,05:55:22,18:36:04,76.3,283.6,00:53:24,00:52:40,00:44:56,12:40:41,-00:00:55,12:15:50,84.7,151410000
2023-08-20,04:40:09,19:50:40,05:06:50,19:24:03,05:33:08,18:57:47,05:55:35,18:35:22,76.6,283.2,00:53:17,00:52:34,00:44:51,12:39:46,-00:00:55,12:15:36,84.3,151380000
2023-08-21,04:40:31,19:49:49,05:07:08,19:23:16,05:33:23,18:57:03,05:55:48,18:34:40,77.0,282.9,00:53:10,00:52:28,00:44:47,12:38:51,-00:00:55,12:15:21,84.0,151349000
2023-08-22,04:40:52,19:48:58,05:07:25,19:22:28,05:33:38,18:56:18,05:56:01,18:33:57,77.3,282.5,00:53:03,00:52:23,00:44:43,12:37:56,-00:00:55,12:15:06,83.7,151318000
2023-08-23,04:41:12,19:48:07,05:07:42,19:21:40,05:33:53,18:55:32,05:56:13,18:33:13,77.7,282.1,00:52:56,00:52:17,00:44:39,12:37:00,-00:00:56,12:14:50,83.3,151286000
2023-08-24,04:41:32,19:47:14,05:07:59,19:20:51,05:34:07,18:54:46,05:56:25,18:32:29,78.0,281.8,00:52:50,00:52:12,00:44:35,12:36:03,-00:00:57,12:14:34,83.0,151253000
2023-08-25,04:41:52,19:46:22,05:08:16,19:20:02,05:34:20,18:53:59,05:56:37,18:31:45,78.4,281.4,00:52:43,00:52:06,00:44:31,12:35:07,-00:00:56,12:14:18,82.7,151220000
2023-08-26,04:42:11,19:45:29,05:08:32,19:19:12,05:34:34,18:53:12,05:56:49,18:30:59,78.8,281.1,00:52:37,00:52:01,00:44:27,12:34:10,-00:00:57,12:14:01,82.3,151186000
2023-08-27,04:42:30,19:44:36,05:08:47,19:18:22,05:34:47,18:52:25,05:57:00,18:30:13,79.1,280.7,00:52:31,00:51:56,00:44:24,12:33:13,-00:00:57,12:13:44,82.0,151152000
2023-08-28,04:42:49,19:43:42,05:09:03,19:17:31,05:35:00,18:51:36,05:57:11,18:29:27,79.5,280.3,00:52:24,00:51:51,00:44:20,12:32:16,-00:00:57,12:13:26,81.6,151118000
2023-08-29,04:43:07,19:42:48,05:09:18,19:16:40,05:35:12,18:50:48,05:57:22,18:28:40,79.9,279.9,00:52:18,00:51:46,00:44:17,12:31:18,-00:00:58,12:13:08,81.3,151084000
2023-08-30,04:43:24,19:41:54,05:09:32,19:15:49,05:35:24,18:49:59,05:57:32,18:27:53,80.2,279.6,00:52:13,00:51:42,00:44:13,12:30:20,-00:00:58,12:12:50,80.9,151049000
2023-08-31,04:43:41,19:40:59,05:09:46,19:14:57,05:35:36,18:49:09,05:57:43,18:27:05,80.6,279.2,00:52:07,00:51:37,00:44:10,12:29:22,-00:00:58,12:12:31,80.5,151014000
2023-09-01,04:43:58,19:40:04,05:10:00,19:14:05,05:35:48,18:48:20,05:57:53,18:26:17,81.0,278.8,00:52:01,00:51:33,00:44:07,12:28:24,-00:00:58,12:12:12,80.2,150979000
2023-09-02,04:44:15,19:39:10,05:10:14,19:13:13,05:36:00,18:47:30,05:58:03,18:25:28,81.4,278.4,00:51:56,00:51:28,00:44:04,12:27:25,-00:00:59,12:11:53,79.8,150944000
2023-09-03,04:44:31,19:38:14,05:10:27,19:12:20,05:36:11,18:46:39,05:58:13,18:24:39,81.8,278.0,00:51:50,00:51:24,00:44:01,12:26:26,-00:00:59,12:11:33,79.4,150909000
2023-09-04,04:44:46,19:37:19,05:10:41,19:11:28,05:36:22,18:45:49,05:58:22,18:23:50,82.2,277.6,00:51:45,00:51:20,00:43:58,12:25:27,-00:00:59,12:11:13,79.1,150873000
2023-09-05,04:45:02,19:36:24,05:10:53,19:10:35,05:36:33,18:44:58,05:58:32,18:23:00,82.5,277.3,00:51:40,00:51:16,00:43:56,12:24:28,-00:00:59,12:10:53,78.7,150837000
2023-09-06,04:45:17,19:35:28,05:11:06,19:09:42,05:36:44,18:44:06,05:58:41,18:22:10,82.9,276.9,00:51:36,00:51:12,00:43:53,12:23:29,-00:00:59,12:10:33,78.3,150801000
2023-09-07,04:45:31,19:34:33,05:11:18,19:08:48,05:36:54,18:43:15,05:58:50,18:21:20,83.3,276.5,00:51:31,00:51:09,00:43:50,12:22:29,-00:01:00,12:10:13,78.0,150764000
2023-09-08,04:45:46,19:33:37,05:11:31,19:07:55,05:37:04,18:42:23,05:59:00,18:20:30,83.7,276.1,00:51:26,00:51:05,00:43:48,12:21:30,-00:00:59,12:09:52,77.6,150727000
2023-09-09,04:46:00,19:32:42,05:11:43,19:07:02,05:37:15,18:41:32,05:59:09,18:19:39,84.1,275.7,00:51:22,00:51:02,00:43:46,12:20:30,-00:01:00,12:09:31,77.2,150689000
2023-09-10,04:46:14,19:31:46,05:11:54,19:06:08,05:37:25,18:40:40,05:59:18,18:18:48,84.5,275.3,00:51:18,00:50:59,00:43:44,12:19:30,-00:01:00,12:09:10,76.8,150652000
2023-09-11,04:46:27,19:30:51,05:12:06,19:05:15,05:37:35,18:39:48,05:59:27,18:17:57,84.9,274.9,00:51:14,00:50:56,00:43:42,12:18:30,-00:01:00,12:08:49,76.5,150613000
2023-09-12,04:46:41,19:29:55,05:12:17,19:04:21,05:37:45,18:38:56,05:59:36,18:17:06,85.3,274.5,00:51:10,00:50:53,00:43:40,12:17:30,-00:01:00,12:08:28,76.1,150575000
2023-09-13,04:46:54,19:29:00,05:12:28,19:03:28,05:37:54,18:38:03,05:59:45,18:16:15,85.7,274.1,00:51:06,00:50:50,00:43:38,12:16:30,-00:01:00,12:08:07,75.7,150535000
2023-09-14,04:47:07,19:28:05,05:12:39,19:02:34,05:38:04,18:37:11,05:59:53,18:15:23,86.1,273.7,00:51:03,00:50:47,00:43:37,12:15:29,-00:01:01,12:07:46,75.3,150496000
2023-09-15,04:47:19,19:27:10,05:12:50,19:01:41,05:38:14,18:36:19,06:00:02,18:14:32,86.5,273.3,00:50:59,00:50:45,00:43:35,12:14:29,-00:01:00,12:07:24,74.9,150456000
2023-09-16,04:47:32,19:26:15,05:13:01,19:00:47,05:38:23,18:35:27,06:00:11,18:13:40,86.9,272.9,00:50:56,00:50:43,00:43:34,12:13:29,-00:01:00,12:07:03,74.5,150415000
2023-09-17,04:47:44,19:25:20,05:13:11,18:59:54,05:38:33,18:34:35,06:00:20,18:12:49,87.3,272.5,00:50:53,00:50:41,00:43:33,12:12:28,-00:01:01,12:06:42,74.2,150374000
2023-09-18,04:47:56,19:24:25,05:13:22,18:59:01,05:38:42,18:33:42,06:00:29,18:11:57,87.7,272.1,00:50:50,00:50:39,00:43:32,12:11:27,-00:01:01,12:06:20,73.8,150333000
2023-09-19,04:48:07,19:23:31,05:13:32,18:58:08,05:38:52,18:32:50,06:00:38,18:11:05,88.1,271.6,00:50:48,00:50:37,00:43:31,12:10:27,-00:01:00,12:05:59,73.4,150291000
2023-09-20,04:48:19,19:22:37,05:13:43,18:57:15,05:39:01,18:31:58,06:00:47,18:10:14,88.6,271.2,00:50:45,00:50:35,00:43:30,12:09:26,-00:01:01,12:05:37,73.0,150249000
2023-09-21,04:48:30,19:21:43,05:13:53,18:56:23,05:39:11,18:31:06,06:00:56,18:09:22,89.0,270.8,00:50:43,00:50:34,00:43:29,12:08:26,-00:01:00,12:05:16,72.6,150206000
2023-09-22,04:48:41,19:20:50,05:14:03,18:55:30,05:39:20,18:30:14,06:01:05,18:08:30,89.4,270.4,00:50:41,00:50:32,00:43:29,12:07:25,-00:01:01,12:04:55,72.2,150164000
2023-09-23,04:48:53,19:19:57,05:14:13,18:54:38,05:39:29,18:29:23,06:01:14,18:07:39,89.8,270.0,00:50:39,00:50:31,00:43:28,12:06:24,-00:01:01,12:04:34,71.8,150121000
2023-09-24,04:49:03,19:19:04,05:14:23,18:53:46,05:39:39,18:28:31,06:01:24,18:06:48,90.2,269.6,00:50:37,00:50:30,00:43:28,12:05:23,-00:01:01,12:04:13,71.4,150078000
2023-09-25,04:49:14,19:18:11,05:14:33,18:52:54,05:39:49,18:27:40,06:01:33,18:05:56,90.6,269.2,00:50:35,00:50:29,00:43:28,12:04:23,-00:01:00,12:03:52,71.0,150035000
2023-09-26,04:49:25,19:17:19,05:14:43,18:52:03,05:39:58,18:26:49,06:01:43,18:05:05,91.0,268.8,00:50:34,00:50:29,00:43:28,12:03:22,-00:01:01,12:03:31,70.7,149992000
2023-09-27,04:49:36,19:16:28,05:14:53,18:51:12,05:40:08,18:25:58,06:01:52,18:04:15,91.4,268.4,00:50:32,00:50:28,00:43:28,12:02:22,-00:01:00,12:03:11,70.3,149949000
2023-09-28,04:49:46,19:15:37,05:15:03,18:50:21,05:40:18,18:25:08,06:02:02,18:03:24,91.8,268.0,00:50:31,00:50:28,00:43:28,12:01:21,-00:01:01,12:02:50,69.9,149906000
2023-09-29,04:49:57,19:14:46,05:15:13,18:49:31,05:40:28,18:24:18,06:02:13,18:02:34,92.2,267.6,00:50:30,00:50:28,00:43:28,12:00:21,-00:01:00,12:02:30,69.5,149863000
2023-09-30,04:50:08,19:13:56,05:15:23,18:48:41,05:40:38,18:23:28,06:02:23,18:01:43,92.6,267.1,00:50:29,00:50:28,00:43:29,11:59:20,-00:01:01,12:02:10,69.1,149820000
2023-10-01,04:50:18,19:13:06,05:15:33,18:47:52,05:40:48,18:22:38,06:02:34,18:00:54,93.1,266.7,00:50:29,00:50:28,00:43:30,11:58:20,-00:01:00,12:01:51,68.7,149778000
2023-10-02,04:50:29,19:12:17,05:15:44,18:47:03,05:40:59,18:21:49,06:02:44,18:00:04,93.5,266.3,00:50:28,00:50:28,00:43:30,11:57:19,-00:01:01,12:01:31,68.3,149736000
2023-10-03,04:50:40,19:11:29,05:15:54,18:46:15,05:41:09,18:21:01,06:02:56,17:59:15,93.9,265.9,00:50:28,00:50:29,00:43:31,11:56:19,-00:01:00,12:01:12,67.9,149693000
2023-10-04,04:50:50,19:10:41,05:16:05,18:45:27,05:41:20,18:20:13,06:03:07,17:58:27,94.3,265.5,00:50:28,00:50:29,00:43:32,11:55:19,-00:01:00,12:00:54,67.6,149651000
2023-10-05,04:51:01,19:09:53,05:16:16,18:44:40,05:41:32,18:19:25,06:03:19,17:57:38,94.7,265.1,00:50:28,00:50:30,00:43:34,11:54:19,-00:01:00,12:00:36,67.2,149609000
2023-10-06,04:51:12,19:09:07,05:16:27,18:43:53,05:41:43,18:18:38,06:03:31,17:56:50,95.1,264.7,00:50:28,00:50:31,00:43:35,11:53:19,-00:01:00,12:00:18,66.8,149567000
2023-10-07,04:51:23,19:08:21,05:16:38,18:43:07,05:41:55,18:17:51,06:03:43,17:56:03,95.5,264.3,00:50:28,00:50:32,00:43:36,11:52:19,-00:01:00,12:00:00,66.4,149525000
2023-10-08,04:51:35,19:07:36,05:16:50,18:42:22,05:42:07,18:17:05,06:03:56,17:55:16,95.9,263.9,00:50:29,00:50:33,00:43:38,11:51:19,-00:01:00,11:59:43,66.0,149483000
2023-10-09,04:51:46,19:06:51,05:17:02,18:41:37,05:42:19,18:16:20,06:04:10,17:54:30,96.3,263.5,00:50:29,00:50:34,00:43:40,11:50:20,-00:00:59,11:59:27,65.6,149441000
2023-10-10,04:51:58,19:06:08,05:17:13,18:40:53,05:42:32,18:15:35,06:04:23,17:53:44,96.7,263.1,00:50:30,00:50:36,00:43:41,11:49:20,-00:01:00,11:59:10,65.3,149398000
2023-10-11,04:52:10,19:05:25,05:17:26,18:40:09,05:42:45,18:14:51,06:04:37,17:52:59,97.1,262.7,00:50:31,00:50:38,00:43:43,11:48:21,-00:00:59,11:58:55,64.9,149356000
2023-10-12,04:52:22,19:04:43,05:17:38,18:39:27,05:42:58,18:14:07,06:04:52,17:52:14,97.5,262.3,00:50:32,00:50:39,00:43:45,11:47:22,-00:00:59,11:58:40,64.5,149314000
2023-10-13,04:52:34,19:04:01,05:17:51,18:38:45,05:43:12,18:13:24,06:05:06,17:51:30,97.9,261.9,00:50:34,00:50:41,00:43:48,11:46:23,-00:00:59,11:58:25,64.1,149271000
2023-10-14,04:52:46,19:03:21,05:18:04,18:38:03,05:43:26,18:12:42,06:05:22,17:50:47,98.3,261.5,00:50:35,00:50:43,00:43:50,11:45:25,-00:00:58,11:58:11,63.8,149229000
2023-10-15,04:52:59,19:02:41,05:18:18,18:37:23,05:43:41,18:12:00,06:05:37,17:50:04,98.7,261.1,00:50:37,00:50:46,00:43:52,11:44:26,-00:00:59,11:57:57,63.4,149186000
2023-10-16,04:53:12,19:02:03,05:18:31,18:36:43,05:43:56,18:11:19,06:05:54,17:49:22,99.1,260.8,00:50:38,00:50:48,00:43:55,11:43:28,-00:00:58,11:57:44,63.0,149143000
2023-10-17,04:53:25,19:01:25,05:18:46,18:36:05,05:44:11,18:10:39,06:06:10,17:48:40,99.4,260.4,00:50:40,00:50:50,00:43:58,11:42:30,-00:00:58,11:57:32,62.7,149100000
2023-10-18,04:53:39,19:00:48,05:19:00,18:35:27,05:44:27,18:10:00,06:06:27,17:48:00,99.8,260.0,00:50:42,00:50:53,00:44:00,11:41:32,-00:00:58,11:57:20,62.3,149057000
2023-10-19,04:53:52,19:00:12,05:19:15,18:34:50,05:44:43,18:09:22,06:06:45,17:47:20,100.2,259.6,00:50:44,00:50:56,00:44:03,11:40:35,-00:00:57,11:57:09,61.9,149014000
2023-10-20,04:54:06,18:59:37,05:19:30,18:34:13,05:45:00,18:08:44,06:07:03,17:46:41,100.6,259.2,00:50:46,00:50:58,00:44:06,11:39:37,-00:00:58,11:56:58,61.6,148972000
2023-10-21,04:54:21,18:59:02,05:19:46,18:33:38,05:45:17,18:08:07,06:07:21,17:46:02,101.0,258.9,00:50:49,00:51:01,00:44:09,11:38:40,-00:00:57,11:56:48,61.2,148929000
2023-10-22,04:54:36,18:58:29,05:20:01,18:33:03,05:45:34,18:07:31,06:07:40,17:45:25,101.3,258.5,00:50:51,00:51:05,00:44:12,11:37:44,-00:00:56,11:56:39,60.9,148886000
2023-10-23,04:54:51,18:57:57,05:20:18,18:32:30,05:45:52,18:06:56,06:08:00,17:44:48,101.7,258.1,00:50:54,00:51:08,00:44:15,11:36:48,-00:00:56,11:56:30,60.5,148844000
2023-10-24,04:55:06,18:57:26,05:20:34,18:31:57,05:46:10,18:06:22,06:08:20,17:44:12,102.1,257.8,00:50:56,00:51:11,00:44:19,11:35:52,-00:00:56,11:56:22,60.2,148802000
2023-10-25,04:55:22,18:56:56,05:20:52,18:31:26,05:46:29,18:05:48,06:08:40,17:43:37,102.4,257.4,00:50:59,00:51:14,00:44:22,11:34:56,-00:00:56,11:56:15,59.8,148760000
2023-10-26,04:55:38,18:56:26,05:21:09,18:30:55,05:46:48,18:05:16,06:09:01,17:43:03,102.8,257.0,00:51:02,00:51:18,00:44:26,11:34:01,-00:00:55,11:56:08,59.5,148719000
2023-10-27,04:55:54,18:55:58,05:21:27,18:30:26,05:47:08,18:04:44,06:09:23,17:42:30,103.2,256.7,00:51:05,00:51:21,00:44:29,11:33:06,-00:00:55,11:56:02,59.1,148678000
2023-10-28,04:56:11,18:55:31,05:21:45,18:29:57,05:47:28,18:04:14,06:09:45,17:41:57,103.5,256.3,00:51:08,00:51:25,00:44:33,11:32:12,-00:00:54,11:55:57,58.8,148638000
2023-10-29,04:56:28,18:55:05,05:22:04,18:29:29,05:47:49,18:03:45,06:10:08,17:41:26,103.9,256.0,00:51:11,00:51:29,00:44:37,11:31:18,-00:00:54,11:55:53,58.5,148598000
2023-10-30,04:56:46,18:54:41,05:22:24,18:29:03,05:48:10,18:03:16,06:10:31,17:40:56,104.2,255.6,00:51:15,00:51:33,00:44:41,11:30:24,-00:00:54,11:55:49,58.1,148559000
2023-10-31,04:57:04,18:54:17,05:22:44,18:28:38,05:48:32,18:02:49,06:10:54,17:40:26,104.6,255.3,00:51:18,00:51:37,00:44:44,11:29:31,-00:00:53,11:55:46,57.8,148520000
2023-11-01,04:57:23,18:53:54,05:23:04,18:28:13,05:48:54,18:02:23,06:11:19,17:39:58,104.9,254.9,00:51:22,00:51:41,00:44:48,11:28:39,-00:00:52,11:55:44,57.5,148482000
2023-11-02,04:57:42,18:53:33,05:23:25,18:27:50,05:49:17,18:01:57,06:11:44,17:39:31,105.2,254.6,00:51:25,00:51:45,00:44:52,11:27:47,-00:00:52,11:55:43,57.2,148444000
2023-11-03,04:58:02,18:53:13,05:23:46,18:27:28,05:49:41,18:01:33,06:12:09,17:39:05,105.6,254.3,00:51:29,00:51:49,00:44:56,11:26:55,-00:00:52,11:55:43,56.9,148406000
2023-11-04,04:58:22,18:52:54,05:24:08,18:27:07,05:50:05,18:01:10,06:12:35,17:38:40,105.9,254.0,00:51:32,00:51:53,00:45:00,11:26:04,-00:00:51,11:55:43,56.6,148369000
2023-11-05,04:58:42,18:52:36,05:24:30,18:26:48,05:50:29,18:00:49,06:13:02,17:38:16,106.2,253.6,00:51:36,00:51:57,00:45:05,11:25:14,-00:00:50,11:55:44,56.3,148333000
2023-11-06,04:59:03,18:52:20,05:24:53,18:26:29,05:50:54,18:00:28,06:13:29,17:37:53,106.5,253.3,00:51:40,00:52:02,00:45:09,11:24:24,-00:00:50,11:55:46,55.9,148296000
2023-11-07,04:59:25,18:52:04,05:25:17,18:26:12,05:51:20,18:00:08,06:13:56,17:37:32,106.8,253.0,00:51:44,00:52:06,00:45:13,11:23:35,-00:00:49,11:55:49,55.7,148260000
2023-11-08,04:59:47,18:51:50,05:25:41,18:25:56,05:51:46,17:59:50,06:14:25,17:37:11,107.1,252.7,00:51:48,00:52:10,00:45:17,11:22:46,-00:00:49,11:55:53,55.4,148225000
2023-11-09,05:00:09,18:51:37,05:26:05,18:25:41,05:52:13,17:59:33,06:14:53,17:36:52,107.5,252.4,00:51:52,00:52:15,00:45:21,11:21:58,-00:00:48,11:55:58,55.1,148190000
2023-11-10,05:00:32,18:51:25,05:26:30,18:25:27,05:52:40,17:59:17,06:15:23,17:36:34,107.8,252.1,00:51:56,00:52:19,00:45:26,11:21:11,-00:00:47,11:56:03,54.8,148154000
2023-11-11,05:00:56,18:51:15,05:26:56,18:25:15,05:53:08,17:59:02,06:15:53,17:36:17,108.0,251.8,00:52:00,00:52:24,00:45:30,11:20:24,-00:00:47,11:56:10,54.5,148120000
2023-11-12,05:01:20,18:51:06,05:27:22,18:25:03,05:53:36,17:58:49,06:16:23,17:36:01,108.3,251.5,00:52:04,00:52:28,00:45:34,11:19:38,-00:00:46,11:56:17,54.2,148085000
2023-11-13,05:01:44,18:50:58,05:27:48,18:24:53,05:54:04,17:58:37,06:16:54,17:35:47,108.6,251.2,00:52:08,00:52:33,00:45:38,11:18:53,-00:00:45,11:56:25,54.0,148051000
2023-11-14,05:02:09,18:50:51,05:28:15,18:24:45,05:54:34,17:58:25,06:17:25,17:35:34,108.9,251.0,00:52:12,00:52:37,00:45:43,11:18:08,-00:00:45,11:56:34,53.7,148017000
2023-11-15,05:02:34,18:50:45,05:28:42,18:24:37,05:55:03,17:58:16,06:17:57,17:35:22,109.2,250.7,00:52:16,00:52:42,00:45:47,11:17:24,-00:00:44,11:56:44,53.5,147983000
2023-11-16,05:03:00,18:50:41,05:29:10,18:24:31,05:55:33,17:58:07,06:18:29,17:35:11,109.4,250.4,00:52:20,00:52:46,00:45:51,11:16:42,-00:00:42,11:56:54,53.2,147950000
2023-11-17,05:03:27,18:50:38,05:29:38,18:24:26,05:56:04,17:58:00,06:19:02,17:35:02,109.7,250.2,00:52:24,00:52:51,00:45:56,11:15:59,-00:00:43,11:57:06,53.0,147917000
2023-11-18,05:03:53,18:50:36,05:30:07,18:24:22,05:56:35,17:57:54,06:19:35,17:34:53,110.0,249.9,00:52:28,00:52:55,00:46:00,11:15:18,-00:00:41,11:57:18,52.7,147884000
2023-11-19,05:04:20,18:50:35,05:30:36,18:24:19,05:57:06,17:57:49,06:20:08,17:34:46,110.2,249.7,00:52:32,00:52:59,00:46:04,11:14:38,-00:00:40,11:57:31,52.5,147852000
2023-11-20,05:04:48,18:50:36,05:31:06,18:24:17,05:57:38,17:57:45,06:20:42,17:34:41,110.4,249.4,00:52:36,00:53:04,00:46:08,11:13:59,-00:00:39,11:57:45,52.3,147820000
2023-11-21,05:05:16,18:50:37,05:31:36,18:24:17,05:58:10,17:57:43,06:21:16,17:34:36,110.7,249.2,00:52:39,00:53:08,00:46:12,11:13:20,-00:00:39,11:58:00,52.0,147788000
2023-11-22,05:05:44,18:50:40,05:32:06,18:24:18,05:58:42,17:57:41,06:21:50,17:34:33,110.9,249.0,00:52:43,00:53:12,00:46:16,11:12:43,-00:00:37,11:58:15,51.8,147758000
2023-11-23,05:06:13,18:50:44,05:32:36,18:24:20,05:59:15,17:57:42,06:22:25,17:34:31,111.1,248.8,00:52:47,00:53:16,00:46:20,11:12:06,-00:00:37,11:58:32,51.6,147728000
2023-11-24,05:06:42,18:50:49,05:33:07,18:24:24,05:59:47,17:57:43,06:22:59,17:34:30,111.4,248.5,00:52:51,00:53:20,00:46:24,11:11:30,-00:00:36,11:58:49,51.4,147698000
2023-11-25,05:07:11,18:50:56,05:33:38,18:24:28,06:00:21,17:57:45,06:23:35,17:34:31,111.6,248.3,00:52:54,00:53:24,00:46:28,11:10:56,-00:00:34,11:59:06,51.2,147670000
2023-11-26,05:07:41,18:51:03,05:34:10,18:24:34,06:00:54,17:57:49,06:24:10,17:34:33,111.8,248.1,00:52:58,00:53:28,00:46:32,11:10:22,-00:00:34,11:59:25,51.0,147642000
2023-11-27,05:08:11,18:51:12,05:34:42,18:24:41,06:01:28,17:57:54,06:24:46,17:34:36,112.0,247.9,00:53:02,00:53:32,00:46:35,11:09:50,-00:00:32,11:59:44,50.8,147615000
2023-11-28,05:08:41,18:51:22,05:35:14,18:24:49,06:02:02,17:58:00,06:25:21,17:34:40,112.2,247.8,00:53:05,00:53:36,00:46:39,11:09:19,-00:00:31,12:00:04,50.6,147589000
2023-11-29,05:09:12,18:51:33,05:35:46,18:24:58,06:02:36,17:58:08,06:25:57,17:34:46,112.3,247.6,00:53:08,00:53:40,00:46:42,11:08:48,-00:00:31,12:00:25,50.5,147564000
2023-11-30,05:09:43,18:51:45,05:36:19,18:25:08,06:03:10,17:58:16,06:26:33,17:34:53,112.5,247.4,00:53:12,00:53:43,00:46:46,11:08:19,-00:00:29,12:00:46,50.3,147539000
2023-12-01,05:10:14,18:51:58,05:36:51,18:25:20,06:03:45,17:58:26,06:27:09,17:35:01,112.7,247.2,00:53:15,00:53:47,00:46:49,11:07:51,-00:00:28,12:01:08,50.2,147515000
2023-12-02,05:10:46,18:52:12,05:37:24,18:25:33,06:04:19,17:58:37,06:27:46,17:35:11,112.8,247.1,00:53:18,00:53:50,00:46:52,11:07:25,-00:00:26,12:01:31,50.0,147492000
2023-12-03,05:11:17,18:52:27,05:37:58,18:25:46,06:04:54,17:58:49,06:28:22,17:35:21,113.0,246.9,00:53:21,00:53:53,00:46:55,11:06:59,-00:00:26,12:01:54,49.9,147470000
2023-12-04,05:11:49,18:52:43,05:38:31,18:26:01,06:05:29,17:59:03,06:28:58,17:35:33,113.1,246.8,00:53:24,00:53:56,00:46:58,11:06:35,-00:00:24,12:02:18,49.7,147448000
2023-12-05,05:12:21,18:53:01,05:39:04,18:26:17,06:06:04,17:59:17,06:29:34,17:35:46,113.3,246.7,00:53:26,00:53:59,00:47:01,11:06:12,-00:00:23,12:02:43,49.6,147427000
2023-12-06,05:12:53,18:53:19,05:39:38,18:26:34,06:06:39,17:59:33,06:30:10,17:36:01,113.4,246.5,00:53:29,00:54:02,00:47:03,11:05:50,-00:00:22,12:03:08,49.5,147407000
2023-12-07,05:13:25,18:53:38,05:40:11,18:26:52,06:07:14,17:59:50,06:30:47,17:36:16,113.5,246.4,00:53:31,00:54:05,00:47:06,11:05:29,-00:00:21,12:03:33,49.4,147387000
2023-12-08,05:13:58,18:53:58,05:40:45,18:27:11,06:07:48,18:00:07,06:31:22,17:36:33,113.7,246.3,00:53:33,00:54:07,00:47:08,11:05:10,-00:00:19,12:03:59,49.3,147368000
2023-12-09,05:14:30,18:54:20,05:41:18,18:27:31,06:08:23,18:00:26,06:31:58,17:36:51,113.8,246.2,00:53:36,00:54:09,00:47:10,11:04:52,-00:00:18,12:04:26,49.2,147350000
2023-12-10,05:15:03,18:54:42,05:41:52,18:27:52,06:08:58,18:00:46,06:32:34,17:37:10,113.9,246.1,00:53:38,00:54:12,00:47:12,11:04:35,-00:00:17,12:04:53,49.1,147332000
2023-12-11,05:15:35,18:55:04,05:42:25,18:28:14,06:09:32,18:01:07,06:33:09,17:37:30,114.0,246.0,00:53:39,00:54:14,00:47:14,11:04:20,-00:00:15,12:05:21,49.0,147314000
2023-12-12,05:16:07,18:55:28,05:42:58,18:28:37,06:10:06,18:01:29,06:33:44,17:37:51,114.0,245.9,00:53:41,00:54:16,00:47:16,11:04:06,-00:00:14,12:05:49,48.9,147297000
2023-12-13,05:16:40,18:55:53,05:43:31,18:29:01,06:10:40,18:01:52,06:34:19,17:38:13,114.1,245.8,00:53:43,00:54:17,00:47:18,11:03:53,-00:00:13,12:06:17,48.8,147281000
2023-12-14,05:17:12,18:56:18,05:44:04,18:29:25,06:11:14,18:02:16,06:34:53,17:38:36,114.2,245.8,00:53:44,00:54:19,00:47:19,11:03:42,-00:00:11,12:06:45,48.8,147265000
2023-12-15,05:17:44,18:56:44,05:44:37,18:29:51,06:11:47,18:02:40,06:35:27,17:39:00,114.2,245.7,00:53:45,00:54:20,00:47:20,11:03:32,-00:00:10,12:07:14,48.7,147249000
2023-12-16,05:18:16,18:57:10,05:45:09,18:30:17,06:12:20,18:03:06,06:36:01,17:39:25,114.3,245.7,00:53:46,00:54:21,00:47:21,11:03:24,-00:00:08,12:07:43,48.7,147234000
2023-12-17,05:18:47,18:57:38,05:45:41,18:30:44,06:12:52,18:03:32,06:36:34,17:39:51,114.3,245.6,00:53:47,00:54:22,00:47:22,11:03:17,-00:00:07,12:08:13,48.6,147220000
2023-12-18,05:19:19,18:58:05,05:46:13,18:31:11,06:13:25,18:04:00,06:37:06,17:40:18,114.4,245.6,00:53:48,00:54:23,00:47:23,11:03:11,-00:00:06,12:08:42,48.6,147206000
2023-12-19,05:19:50,18:58:34,05:46:44,18:31:39,06:13:56,18:04:27,06:37:38,17:40:46,114.4,245.6,00:53:48,00:54:23,00:47:23,11:03:07,-00:00:04,12:09:12,48.6,147193000
2023-12-20,05:20:20,18:59:03,05:47:15,18:32:08,06:14:27,18:04:56,06:38:09,17:41:14,114.4,245.6,00:53:49,00:54:24,00:47:24,11:03:04,-00:00:03,12:09:41,48.6,147181000
2023-12-21,05:20:51,18:59:32,05:47:46,18:32:38,06:14:58,18:05:25,06:38:40,17:41:43,114.4,245.6,00:53:49,00:54:24,00:47:24,11:03:03,-00:00:01,12:10:11,48.5,147169000
2023-12-22,05:21:21,19:00:02,05:48:15,18:33:08,06:15:28,18:05:55,06:39:10,17:42:13,114.4,245.6,00:53:49,00:54:24,00:47:24,11:03:03,+00:00:00,12:10:41,48.5,147158000
2023-12-23,05:21:50,19:00:33,05:48:45,18:33:38,06:15:57,18:06:26,06:39:39,17:42:44,114.4,245.6,00:53:49,00:54:24,00:47:24,11:03:05,+00:00:02,12:11:11,48.6,147148000
2023-12-24,05:22:19,19:01:03,05:49:14,18:34:09,06:16:26,18:06:57,06:40:07,17:43:15,114.4,245.6,00:53:48,00:54:23,00:47:23,11:03:07,+00:00:02,12:11:41,48.6,147139000
2023-12-25,05:22:48,19:01:35,05:49:42,18:34:41,06:16:53,18:07:29,06:40:35,17:43:47,114.4,245.6,00:53:48,00:54:23,00:47:23,11:03:12,+00:00:05,12:12:10,48.6,147131000
2023-12-26,05:23:16,19:02:06,05:50:09,18:35:12,06:17:21,18:08:01,06:41:02,17:44:20,114.4,245.7,00:53:47,00:54:22,00:47:22,11:03:18,+00:00:06,12:12:40,48.6,147124000
2023-12-27,05:23:43,19:02:38,05:50:36,18:35:45,06:17:47,18:08:34,06:41:28,17:44:53,114.3,245.7,00:53:46,00:54:21,00:47:21,11:03:25,+00:00:07,12:13:09,48.7,147118000
2023-12-28,05:24:10,19:03:10,05:51:03,18:36:17,06:18:13,18:09:07,06:41:53,17:45:27,114.3,245.8,00:53:45,00:54:20,00:47:20,11:03:33,+00:00:08,12:13:39,48.7,147113000
2023-12-29,05:24:36,19:03:42,05:51:28,18:36:50,06:18:38,18:09:41,06:42:18,17:46:01,114.2,245.8,00:53:44,00:54:18,00:47:19,11:03:43,+00:00:10,12:14:08,48.8,147109000
2023-12-30,05:25:01,19:04:15,05:51:53,18:37:24,06:19:02,18:10:15,06:42:41,17:46:36,114.1,245.9,00:53:43,00:54:17,00:47:17,11:03:55,+00:00:12,12:14:37,48.8,147105000
2023-12-31,05:25:26,19:04:48,05:52:17,18:37:57,06:19:25,18:10:49,06:43:04,17:47:11,114.1,246.0,00:53:41,00:54:15,00:47:16,11:04:07,+00:00:12,12:15:06,48.9,147103000
