Date,Line,Twi18Begin,Twi18End,Twi12Begin,Twi12End,Twi6Begin,Twi6End,Rise,Set,RiseAzimuth,SetAzimuth,Twi18Duration,Twi12Duration,Twi6Duration,DayLength,DayLengthDiff,Meridian,Altitude,Distance
2023-01-01,1,06:34:57,18:06:13,07:26:03,17:15:06,08:22:09,16:18:59,09:18:34,15:22:33,139.0,221.1,01:42:13,01:52:13,01:52:50,06:03:58,+00:01:47,12:20:26,7.2,147104000
2023-01-02,1,06:34:50,18:07:18,07:25:52,17:16:14,08:21:52,16:20:14,09:18:05,15:24:00,138.8,221.3,01:42:06,01:51:59,01:52:26,06:05:55,+00:01:57,12:20:54,7.3,147101000
2023-01-03,1,06:34:39,18:08:26,07:25:38,17:17:26,08:21:30,16:21:33,09:17:30,15:25:32,138.5,221.6,01:41:59,01:51:45,01:52:00,06:08:02,+00:02:07,12:21:22,7.4,147100000
2023-01-04,1,06:34:24,18:09:37,07:25:19,17:18:41,08:21:03,16:22:55,09:16:50,15:27:08,138.2,221.8,01:41:51,01:51:29,01:51:33,06:10:18,+00:02:16,12:21:49,7.5,147099000
2023-01-05,1,06:34:06,18:10:50,07:24:57,17:19:58,08:20:33,16:24:21,09:16:05,15:28:48,137.9,222.1,01:41:42,01:51:13,01:51:04,06:12:43,+00:02:25,12:22:16,7.6,147099000
2023-01-06,1,06:33:45,18:12:06,07:24:31,17:21:18,08:19:58,16:25:50,09:15:15,15:30:32,137.6,222.5,01:41:34,01:50:55,01:50:33,06:15:17,+00:02:34,12:22:43,7.7,147100000
2023-01-07,1,06:33:20,18:13:25,07:24:02,17:22:41,08:19:20,16:27:22,09:14:20,15:32:20,137.3,222.8,01:41:24,01:50:37,01:50:02,06:17:59,+00:02:42,12:23:09,7.8,147103000
2023-01-08,1,06:32:52,18:14:46,07:23:28,17:24:07,08:18:37,16:28:57,09:13:21,15:34:12,136.9,223.2,01:41:15,01:50:18,01:49:29,06:20:50,+00:02:51,12:23:34,8.0,147106000
2023-01-09,1,06:32:20,18:16:09,07:22:51,17:25:36,08:17:50,16:30:35,09:12:17,15:36:07,136.6,223.5,01:41:05,01:49:59,01:48:54,06:23:50,+00:03:00,12:23:59,8.1,147110000
2023-01-10,1,06:31:44,18:17:35,07:22:11,17:27:07,08:16:59,16:32:16,09:11:09,15:38:06,136.2,223.9,01:40:54,01:49:39,01:48:19,06:26:56,+00:03:06,12:24:24,8.2,147115000
2023-01-11,1,06:31:06,18:19:03,07:21:26,17:28:40,08:16:05,16:34:00,09:09:56,15:40:08,135.8,224.3,01:40:44,01:49:18,01:47:43,06:30:11,+00:03:15,12:24:48,8.4,147121000
2023-01-12,1,06:30:23,18:20:34,07:20:39,17:30:16,08:15:06,16:35:47,09:08:39,15:42:12,135.4,224.8,01:40:33,01:48:56,01:47:07,06:33:33,+00:03:22,12:25:11,8.5,147127000
2023-01-13,1,06:29:38,18:22:07,07:19:47,17:31:54,08:14:04,16:37:36,09:07:18,15:44:20,134.9,225.2,01:40:22,01:48:35,01:46:29,06:37:01,+00:03:28,12:25:34,8.7,147135000
2023-01-14,1,06:28:49,18:23:42,07:18:53,17:33:35,08:12:58,16:39:27,09:05:53,15:46:31,134.5,225.7,01:40:10,01:48:12,01:45:51,06:40:37,+00:03:36,12:25:56,8.9,147143000
2023-01-15,1,06:27:56,18:25:19,07:17:54,17:35:17,08:11:48,16:41:21,09:04:24,15:48:44,134.0,226.1,01:39:59,01:47:50,01:45:13,06:44:19,+00:03:42,12:26:18,9.1,147153000
2023-01-16,1,06:27:00,18:26:58,07:16:53,17:37:02,08:10:35,16:43:18,09:02:52,15:50:59,133.5,226.6,01:39:47,01:47:27,01:44:34,06:48:07,+00:03:48,12:26:39,9.2,147162000
2023-01-17,1,06:26:01,18:28:39,07:15:48,17:38:49,08:09:18,16:45:16,09:01:15,15:53:17,133.0,227.1,01:39:36,01:47:03,01:43:55,06:52:01,+00:03:54,12:26:59,9.4,147173000
2023-01-18,1,06:24:59,18:30:22,07:14:39,17:40:38,08:07:58,16:47:16,08:59:36,15:55:37,132.5,227.6,01:39:24,01:46:40,01:43:16,06:56:01,+00:04:00,12:27:18,9.6,147184000
2023-01-19,1,06:23:53,18:32:07,07:13:28,17:42:29,08:06:35,16:49:19,08:57:52,15:58:00,132.0,228.2,01:39:12,01:46:16,01:42:37,07:00:07,+00:04:06,12:27:37,9.8,147196000
2023-01-20,1,06:22:44,18:33:53,07:12:13,17:44:21,08:05:08,16:51:23,08:56:06,16:00:23,131.5,228.7,01:39:01,01:45:53,01:41:57,07:04:17,+00:04:10,12:27:55,10.0,147208000
2023-01-21,1,06:21:32,18:35:42,07:10:55,17:46:15,08:03:38,16:53:29,08:54:16,16:02:49,130.9,229.2,01:38:49,01:45:29,01:41:18,07:08:33,+00:04:16,12:28:13,10.3,147221000
2023-01-22,1,06:20:16,18:37:32,07:09:33,17:48:11,08:02:05,16:55:37,08:52:23,16:05:16,130.4,229.8,01:38:37,01:45:05,01:40:39,07:12:53,+00:04:20,12:28:29,10.5,147235000
2023-01-23,1,06:18:58,18:39:24,07:08:09,17:50:08,08:00:28,16:57:46,08:50:27,16:07:45,129.8,230.4,01:38:26,01:44:41,01:40:00,07:17:17,+00:04:24,12:28:45,10.7,147249000
2023-01-24,1,06:17:36,18:41:17,07:06:41,17:52:07,07:58:49,16:59:57,08:48:28,16:10:15,129.2,231.0,01:38:15,01:44:18,01:39:21,07:21:46,+00:04:29,12:29:00,11.0,147263000
2023-01-25,1,06:16:11,18:43:12,07:05:11,17:54:07,07:57:07,17:02:09,08:46:27,16:12:46,128.6,231.5,01:38:04,01:43:54,01:38:42,07:26:19,+00:04:33,12:29:15,11.2,147278000
2023-01-26,1,06:14:43,18:45:08,07:03:37,17:56:09,07:55:21,17:04:22,08:44:23,16:15:18,128.0,232.1,01:37:53,01:43:31,01:38:04,07:30:55,+00:04:36,12:29:28,11.4,147293000
2023-01-27,1,06:13:12,18:47:06,07:02:01,17:58:12,07:53:33,17:06:36,08:42:16,16:17:51,127.4,232.8,01:37:42,01:43:08,01:37:27,07:35:35,+00:04:40,12:29:41,11.7,147309000
2023-01-28,1,06:11:38,18:49:05,07:00:22,18:00:16,07:51:43,17:08:52,08:40:06,16:20:25,126.8,233.4,01:37:32,01:42:45,01:36:49,07:40:19,+00:04:44,12:29:52,12.0,147326000
2023-01-29,1,06:10:01,18:51:05,06:58:40,18:02:21,07:49:49,17:11:08,08:37:54,16:23:00,126.2,234.0,01:37:22,01:42:22,01:36:13,07:45:05,+00:04:46,12:30:03,12.2,147343000
2023-01-30,1,06:08:21,18:53:07,06:56:55,18:04:28,07:47:53,17:13:25,08:35:40,16:25:36,125.6,234.6,01:37:12,01:42:00,01:35:37,07:49:55,+00:04:50,12:30:14,12.5,147361000
2023-01-31,1,06:06:38,18:55:10,06:55:07,18:06:35,07:45:54,17:15:44,08:33:24,16:28:11,124.9,235.3,01:37:03,01:41:38,01:35:01,07:54:47,+00:04:52,12:30:23,12.8,147380000
2023-02-01,1,06:04:52,18:57:14,06:53:17,18:08:44,07:43:53,17:18:03,08:31:05,16:30:48,124.3,235.9,01:36:54,01:41:17,01:34:26,07:59:42,+00:04:55,12:30:31,13.1,147400000
2023-02-02,1,06:03:04,18:59:19,06:51:24,18:10:53,07:41:50,17:20:22,08:28:45,16:33:25,123.6,236.6,01:36:46,01:40:56,01:33:52,08:04:40,+00:04:58,12:30:39,13.3,147420000
2023-02-03,1,06:01:12,19:01:26,06:49:28,18:13:03,07:39:44,17:22:43,08:26:22,16:36:02,122.9,237.3,01:36:38,01:40:36,01:33:18,08:09:39,+00:04:59,12:30:46,13.6,147441000
2023-02-04,1,05:59:18,19:03:33,06:47:30,18:15:14,07:37:36,17:25:04,08:23:58,16:38:39,122.3,238.0,01:36:31,01:40:16,01:32:46,08:14:41,+00:05:02,12:30:52,13.9,147463000
2023-02-05,1,05:57:21,19:05:42,06:45:30,18:17:26,07:35:26,17:27:25,08:21:31,16:41:17,121.6,238.6,01:36:24,01:39:56,01:32:13,08:19:45,+00:05:04,12:30:57,14.2,147486000
2023-02-06,1,05:55:21,19:07:52,06:43:27,18:19:39,07:33:14,17:29:48,08:19:03,16:43:55,120.9,239.3,01:36:18,01:39:38,01:31:42,08:24:51,+00:05:06,12:31:01,14.5,147510000
2023-02-07,1,05:53:19,19:10:03,06:41:22,18:21:53,07:30:59,17:32:10,08:16:33,16:46:32,120.2,240.0,01:36:12,01:39:19,01:31:12,08:29:59,+00:05:08,12:31:05,14.8,147534000
2023-02-08,1,05:51:14,19:12:15,06:39:14,18:24:07,07:28:43,17:34:33,08:14:02,16:49:10,119.5,240.7,01:36:07,01:39:02,01:30:42,08:35:08,+00:05:09,12:31:08,15.1,147560000
2023-02-09,1,05:49:06,19:14:28,06:37:04,18:26:22,07:26:24,17:36:57,08:11:29,16:51:48,118.8,241.4,01:36:03,01:38:45,01:30:13,08:40:19,+00:05:11,12:31:10,15.5,147586000
2023-02-10,1,05:46:56,19:16:42,06:34:52,18:28:38,07:24:04,17:39:21,08:08:54,16:54:26,118.1,242.1,01:35:59,01:38:28,01:29:45,08:45:31,+00:05:12,12:31:11,15.8,147612000
2023-02-11,1,05:44:43,19:18:57,06:32:38,18:30:54,07:21:41,17:41:45,08:06:18,16:57:04,117.4,242.9,01:35:56,01:38:13,01:29:17,08:50:45,+00:05:14,12:31:12,16.1,147640000
2023-02-12,1,05:42:28,19:21:13,06:30:21,18:33:11,07:19:17,17:44:09,08:03:41,16:59:42,116.7,243.6,01:35:54,01:37:58,01:28:51,08:56:00,+00:05:15,12:31:11,16.4,147668000
2023-02-13,1,05:40:10,19:23:30,06:28:03,18:35:29,07:16:52,17:46:34,08:01:02,17:02:19,116.0,244.3,01:35:53,01:37:44,01:28:25,09:01:16,+00:05:16,12:31:10,16.8,147697000
2023-02-14,1,05:37:50,19:25:49,06:25:42,18:37:48,07:14:24,17:48:59,07:58:22,17:04:56,115.3,245.0,01:35:52,01:37:30,01:28:00,09:06:34,+00:05:18,12:31:09,17.1,147726000
2023-02-15,1,05:35:28,19:28:08,06:23:19,18:40:07,07:11:55,17:51:24,07:55:41,17:07:33,114.5,245.8,01:35:52,01:37:18,01:27:36,09:11:52,+00:05:18,12:31:06,17.5,147756000
2023-02-16,1,05:33:02,19:30:28,06:20:54,18:42:26,07:09:24,17:53:49,07:52:59,17:10:10,113.8,246.5,01:35:54,01:37:06,01:27:13,09:17:11,+00:05:19,12:31:03,17.8,147787000
2023-02-17,1,05:30:35,19:32:50,06:18:28,18:44:46,07:06:52,17:56:15,07:50:15,17:12:47,113.0,247.2,01:35:55,01:36:55,01:26:51,09:22:31,+00:05:20,12:30:59,18.1,147818000
2023-02-18,1,05:28:05,19:35:12,06:15:59,18:47:07,07:04:18,17:58:41,07:47:31,17:15:23,112.3,248.0,01:35:58,01:36:45,01:26:30,09:27:52,+00:05:21,12:30:55,18.5,147849000
2023-02-19,1,05:25:33,19:37:35,06:13:28,18:49:28,07:01:42,18:01:07,07:44:45,17:17:59,111.6,248.7,01:36:02,01:36:35,01:26:10,09:33:14,+00:05:22,12:30:49,18.9,147880000
2023-02-20,1,05:22:58,19:40:00,06:10:56,18:51:50,06:59:06,18:03:33,07:41:58,17:20:35,110.8,249.5,01:36:07,01:36:27,01:25:50,09:38:36,+00:05:22,12:30:44,19.2,147912000
2023-02-21,1,05:20:21,19:42:25,06:08:22,18:54:13,06:56:27,18:05:59,07:39:11,17:23:10,110.1,250.2,01:36:13,01:36:19,01:25:31,09:43:59,+00:05:23,12:30:37,19.6,147944000
2023-02-22,1,05:17:42,19:44:52,06:05:46,18:56:36,06:53:48,18:08:25,07:36:22,17:25:45,109.3,251.0,01:36:20,01:36:12,01:25:14,09:49:22,+00:05:23,12:30:30,19.9,147976000
2023-02-23,1,05:15:00,19:47:19,06:03:08,18:58:59,06:51:07,18:10:51,07:33:33,17:28:19,108.6,251.8,01:36:28,01:36:07,01:24:57,09:54:46,+00:05:24,12:30:22,20.3,148009000
2023-02-24,1,05:12:16,19:49:48,06:00:28,19:01:23,06:48:25,18:13:17,07:30:42,17:30:53,107.8,252.5,01:36:37,01:36:02,01:24:41,10:00:10,+00:05:24,12:30:14,20.7,148042000
2023-02-25,1,05:09:30,19:52:18,05:57:47,19:03:47,06:45:41,18:15:43,07:27:51,17:33:27,107.0,253.3,01:36:47,01:35:58,01:24:26,10:05:35,+00:05:25,12:30:05,21.0,148075000
2023-02-26,1,05:06:41,19:54:49,05:55:04,19:06:12,06:42:57,18:18:10,07:25:00,17:36:00,106.3,254.1,01:36:58,01:35:55,01:24:12,10:11:00,+00:05:25,12:29:55,21.4,148109000
2023-02-27,1,05:03:51,19:57:21,05:52:19,19:08:37,06:40:11,18:20:36,07:22:07,17:38:33,105.5,254.8,01:37:11,01:35:53,01:23:59,10:16:26,+00:05:26,12:29:45,21.8,148143000
2023-02-28,1,05:00:58,19:59:54,05:49:33,19:11:03,06:37:24,18:23:02,07:19:14,17:41:05,104.7,255.6,01:37:25,01:35:52,01:23:46,10:21:51,+00:05:25,12:29:34,22.2,148177000
2023-03-01,1,04:58:02,20:02:28,05:46:45,19:13:30,06:34:36,18:25:29,07:16:20,17:43:37,104.0,256.4,01:37:40,01:35:52,01:23:35,10:27:17,+00:05:26,12:29:23,22.5,148212000
2023-03-02,1,04:55:05,20:05:04,05:43:55,19:15:57,06:31:46,18:27:55,07:13:25,17:46:09,103.2,257.2,01:37:57,01:35:53,01:23:24,10:32:43,+00:05:26,12:29:11,22.9,148248000
2023-03-03,1,04:52:05,20:07:41,05:41:04,19:18:25,06:28:56,18:30:21,07:10:30,17:48:40,102.4,257.9,01:38:15,01:35:55,01:23:15,10:38:09,+00:05:26,12:28:58,23.3,148284000
2023-03-04,1,04:49:03,20:10:19,05:38:11,19:20:53,06:26:05,18:32:48,07:07:34,17:51:11,101.6,258.7,01:38:34,01:35:58,01:23:06,10:43:36,+00:05:27,12:28:46,23.7,148320000
2023-03-05,1,04:45:58,20:12:59,05:35:17,19:23:22,06:23:13,18:35:14,07:04:38,17:53:41,100.9,259.5,01:38:55,01:36:02,01:22:58,10:49:02,+00:05:26,12:28:32,24.1,148357000
2023-03-06,1,04:42:52,20:15:40,05:32:22,19:25:51,06:20:19,18:37:41,07:01:42,17:56:11,100.1,260.3,01:39:18,01:36:08,01:22:52,10:54:29,+00:05:27,12:28:19,24.5,148394000
2023-03-07,1,04:39:43,20:18:22,05:29:24,19:28:21,06:17:25,18:40:08,06:58:44,17:58:41,99.3,261.1,01:39:42,01:36:14,01:22:46,10:59:56,+00:05:27,12:28:04,24.8,148432000
2023-03-08,1,04:36:32,20:21:06,05:26:26,19:30:52,06:14:30,18:42:34,06:55:47,18:01:10,98.5,261.8,01:40:08,01:36:22,01:22:41,11:05:23,+00:05:27,12:27:50,25.2,148471000
2023-03-09,1,04:33:18,20:23:52,05:23:26,19:33:24,06:11:34,18:45:01,06:52:49,18:03:39,97.7,262.6,01:40:35,01:36:30,01:22:37,11:10:50,+00:05:27,12:27:35,25.6,148510000
2023-03-10,1,04:30:02,20:26:40,05:20:24,19:35:56,06:08:38,18:47:29,06:49:50,18:06:07,97.0,263.4,01:41:05,01:36:40,01:22:33,11:16:17,+00:05:27,12:27:20,26.0,148550000
2023-03-11,1,04:26:44,20:29:29,05:17:21,19:38:29,06:05:40,18:49:56,06:46:51,18:08:36,96.2,264.2,01:41:36,01:36:52,01:22:31,11:21:44,+00:05:27,12:27:04,26.4,148590000
2023-03-12,1,04:23:24,20:32:20,05:14:17,19:41:03,06:02:42,18:52:23,06:43:52,18:11:04,95.4,265.0,01:42:09,01:37:04,01:22:30,11:27:11,+00:05:27,12:26:48,26.8,148630000
2023-03-13,1,04:20:01,20:35:13,05:11:11,19:43:38,05:59:42,18:54:51,06:40:53,18:13:31,94.6,265.8,01:42:45,01:37:18,01:22:30,11:32:38,+00:05:27,12:26:32,27.2,148671000
2023-03-14,1,04:16:35,20:38:08,05:08:04,19:46:14,05:56:43,18:57:19,06:37:53,18:15:59,93.8,266.6,01:43:22,01:37:33,01:22:30,11:38:06,+00:05:28,12:26:16,27.6,148712000
2023-03-15,1,04:13:07,20:41:05,05:04:55,19:48:51,05:53:42,18:59:47,06:34:53,18:18:26,93.0,267.4,01:44:02,01:37:49,01:22:32,11:43:33,+00:05:27,12:25:59,28.0,148754000
2023-03-16,1,04:09:37,20:44:05,05:01:45,19:51:28,05:50:40,19:02:16,06:31:53,18:20:54,92.2,268.1,01:44:45,01:38:07,01:22:34,11:49:00,+00:05:27,12:25:42,28.4,148795000
2023-03-17,1,04:06:03,20:47:06,04:58:34,19:54:07,05:47:38,19:04:45,06:28:52,18:23:21,91.5,268.9,01:45:30,01:38:26,01:22:38,11:54:28,+00:05:28,12:25:25,28.8,148837000
2023-03-18,1,04:02:27,20:50:10,04:55:21,19:56:47,05:44:36,19:07:14,06:25:52,18:25:47,90.7,269.7,01:46:17,01:38:47,01:22:42,11:59:55,+00:05:27,12:25:08,29.2,148879000
2023-03-19,1,03:58:49,20:53:17,04:52:07,19:59:28,05:41:32,19:09:44,06:22:51,18:28:14,89.9,270.5,01:47:07,01:39:09,01:22:47,12:05:23,+00:05:28,12:24:51,29.6,148921000
2023-03-20,1,03:55:08,20:56:26,04:48:51,20:02:10,05:38:28,19:12:13,06:19:50,18:30:41,89.1,271.3,01:48:00,01:39:32,01:22:54,12:10:50,+00:05:27,12:24:33,29.9,148963000
2023-03-21,1,03:51:23,20:59:38,04:45:35,20:04:53,05:35:24,19:14:44,06:16:49,18:33:07,88.3,272.1,01:48:57,01:39:58,01:23:01,12:16:18,+00:05:28,12:24:15,30.3,149005000
2023-03-22,1,03:47:36,21:02:53,04:42:16,20:07:37,05:32:18,19:17:14,06:13:48,18:35:33,87.5,272.9,01:49:56,01:40:24,01:23:10,12:21:45,+00:05:27,12:23:58,30.7,149047000
2023-03-23,1,03:43:46,21:06:11,04:38:57,20:10:23,05:29:13,19:19:45,06:10:46,18:37:59,86.7,273.7,01:50:59,01:40:53,01:23:19,12:27:13,+00:05:28,12:23:40,31.1,149089000
2023-03-24,1,03:39:52,21:09:32,04:35:36,20:13:09,05:26:06,19:22:17,06:07:45,18:40:25,85.9,274.5,01:52:06,01:41:23,01:23:29,12:32:40,+00:05:27,12:23:22,31.5,149131000
2023-03-25,1,03:35:55,21:12:57,04:32:13,20:15:58,05:22:59,19:24:49,06:04:44,18:42:51,85.2,275.3,01:53:17,01:41:55,01:23:41,12:38:07,+00:05:27,12:23:04,31.9,149173000
2023-03-26,1,04:31:55,22:16:25,05:28:49,21:18:47,06:19:52,20:27:21,07:01:42,19:45:17,84.4,276.0,01:54:32,01:42:29,01:23:53,12:43:35,+00:05:28,13:22:46,32.3,149214000
2023-03-27,1,04:27:51,22:19:57,05:25:24,21:21:38,06:16:44,20:29:54,06:58:41,19:47:43,83.6,276.8,01:55:51,01:43:04,01:24:07,12:49:02,+00:05:27,13:22:28,32.7,149256000
2023-03-28,1,04:23:43,22:23:33,05:21:57,21:24:31,06:13:36,20:32:27,06:55:40,19:50:09,82.8,277.6,01:57:15,01:43:42,01:24:21,12:54:29,+00:05:27,13:22:10,33.1,149298000
2023-03-29,1,04:19:32,22:27:13,05:18:29,21:27:25,06:10:27,20:35:01,06:52:38,19:52:35,82.0,278.4,01:58:45,01:44:21,01:24:37,12:59:56,+00:05:27,13:21:52,33.5,149340000
2023-03-30,1,04:15:16,22:30:57,05:14:59,21:30:20,06:07:17,20:37:35,06:49:37,19:55:00,81.2,279.2,02:00:20,01:45:03,01:24:54,13:05:23,+00:05:27,13:21:34,33.9,149381000
2023-03-31,1,04:10:55,22:34:47,05:11:28,21:33:18,06:04:08,20:40:10,06:46:36,19:57:26,80.5,280.0,02:02:01,01:45:47,01:25:12,13:10:50,+00:05:27,13:21:16,34.3,149423000
2023-04-01,1,04:06:30,22:38:41,05:07:55,21:36:17,06:00:57,20:42:45,06:43:35,19:59:52,79.7,280.8,02:03:49,01:46:33,01:25:31,13:16:16,+00:05:26,13:20:58,34.6,149465000
2023-04-02,1,04:02:00,22:42:41,05:04:21,21:39:17,05:57:47,20:45:21,06:40:34,20:02:18,78.9,281.5,02:05:44,01:47:22,01:25:51,13:21:43,+00:05:27,13:20:40,35.0,149508000
2023-04-03,1,03:57:25,22:46:48,05:00:45,21:42:20,05:54:36,20:47:58,06:37:34,20:04:43,78.1,282.3,02:07:47,01:48:12,01:26:12,13:27:09,+00:05:26,13:20:22,35.4,149550000
2023-04-04,1,03:52:44,22:51:00,04:57:07,21:45:25,05:51:24,20:50:35,06:34:33,20:07:09,77.3,283.1,02:09:58,01:49:06,01:26:35,13:32:35,+00:05:26,13:20:05,35.8,149593000
2023-04-05,1,03:47:56,22:55:20,04:53:28,21:48:31,05:48:13,20:53:13,06:31:33,20:09:35,76.6,283.9,02:12:20,01:50:02,01:26:58,13:38:01,+00:05:26,13:19:47,36.2,149635000
2023-04-06,1,03:43:02,22:59:48,04:49:47,21:51:40,05:45:01,20:55:52,06:28:33,20:12:01,75.8,284.6,02:14:52,01:51:01,01:27:23,13:43:27,+00:05:26,13:19:30,36.6,149678000
2023-04-07,1,03:38:01,23:04:24,04:46:04,21:54:52,05:41:48,20:58:32,06:25:34,20:14:27,75.0,285.4,02:17:36,01:52:03,01:27:50,13:48:53,+00:05:26,13:19:13,36.9,149721000
2023-04-08,1,03:32:51,23:09:10,04:42:20,21:58:05,05:38:35,21:01:12,06:22:35,20:16:54,74.3,286.2,02:20:33,01:53:08,01:28:17,13:54:19,+00:05:26,13:18:56,37.3,149765000
2023-04-09,1,03:27:32,23:14:06,04:38:34,22:01:21,05:35:22,21:03:53,06:19:36,20:19:20,73.5,287.0,02:23:46,01:54:16,01:28:46,13:59:44,+00:05:25,13:18:40,37.7,149808000
2023-04-10,1,03:22:03,23:19:15,04:34:45,22:04:40,05:32:09,21:06:35,06:16:37,20:21:47,72.7,287.7,02:27:17,01:55:28,01:29:16,14:05:09,+00:05:25,13:18:24,38.0,149851000
2023-04-11,1,03:16:23,23:24:37,04:30:55,22:08:01,05:28:55,21:09:18,06:13:39,20:24:13,72.0,288.5,02:31:07,01:56:43,01:29:47,14:10:34,+00:05:25,13:18:08,38.4,149895000
2023-04-12,1,03:10:30,23:30:15,04:27:02,22:11:25,05:25:41,21:12:01,06:10:41,20:26:40,71.2,289.3,02:35:22,01:58:02,01:30:20,14:15:59,+00:05:25,13:17:52,38.8,149938000
2023-04-13,1,03:04:21,23:36:11,04:23:07,22:14:52,05:22:27,21:14:46,06:07:44,20:29:08,70.4,290.0,02:40:04,01:59:26,01:30:55,14:21:23,+00:05:24,13:17:37,39.1,149982000
2023-04-14,1,02:57:55,23:42:29,04:19:10,22:18:23,05:19:13,21:17:32,06:04:47,20:31:35,69.7,290.8,02:45:21,02:00:53,01:31:30,14:26:47,+00:05:24,13:17:22,39.5,150025000
2023-04-15,1,02:51:08,23:49:14,04:15:11,22:21:56,05:15:58,21:20:18,06:01:51,20:34:02,68.9,291.5,02:51:20,02:02:25,01:32:08,14:32:11,+00:05:24,13:17:07,39.9,150068000
2023-04-16,1,02:43:54,23:56:32,04:11:09,22:25:33,05:12:43,21:23:05,05:58:55,20:36:30,68.2,292.3,02:58:12,02:04:02,01:32:46,14:37:35,+00:05:24,13:16:53,40.2,150111000
2023-04-17,1,02:36:09,,04:07:04,22:29:14,05:09:28,21:25:54,05:56:00,20:38:58,67.4,293.0,03:01:40,02:05:44,01:33:27,14:42:58,+00:05:23,13:16:39,40.6,150153000
2023-04-18,1,,00:04:33,04:02:56,22:32:59,05:06:13,21:28:43,05:53:05,20:41:26,66.7,293.8,03:06:50,02:07:32,01:34:08,14:48:21,+00:05:23,13:16:25,40.9,150196000
2023-04-18,2,02:27:40,,,,,,,,,,,,,,,,,
2023-04-19,1,,00:13:36,03:58:45,22:36:48,05:02:58,21:31:33,05:50:11,20:43:54,65.9,294.5,03:17:22,02:09:26,01:34:52,14:53:43,+00:05:22,13:16:12,41.3,150237000
2023-04-19,2,02:18:11,,,,,,,,,,,,,,,,,
2023-04-20,1,,00:24:11,03:54:31,22:40:41,04:59:42,21:34:25,05:47:18,20:46:23,65.2,295.3,03:30:51,02:11:26,01:35:37,14:59:04,+00:05:21,13:15:59,41.6,150279000
2023-04-20,2,02:07:11,,,,,,,,,,,,,,,,,
2023-04-21,1,,00:37:37,03:50:14,22:44:38,04:56:26,21:37:17,05:44:25,20:48:51,64.5,296.0,-18:-16:-46,02:13:33,01:36:24,15:04:25,+00:05:21,13:15:47,42.0,150320000
2023-04-22,1,,01:00:16,03:45:53,22:48:41,04:53:11,21:40:10,05:41:33,20:51:20,63.7,296.7,04:27:11,02:15:48,01:37:13,15:09:46,+00:05:21,13:15:35,42.3,150360000
2023-04-22,2,01:30:17,,,,,,,,,,,,,,,,,
2023-04-23,1,,,03:41:28,22:52:49,04:49:55,21:43:05,05:38:42,20:53:48,63.0,297.5,04:48:38,02:18:11,01:38:03,15:15:06,+00:05:20,13:15:24,42.6,150400000
2023-04-24,1,,,03:36:58,22:57:02,04:46:39,21:46:00,05:35:52,20:56:17,62.3,298.2,04:39:55,02:20:42,01:38:56,15:20:25,+00:05:19,13:15:13,43.0,150440000
2023-04-25,1,,,03:32:24,23:01:22,04:43:23,21:48:56,05:33:03,20:58:46,61.5,298.9,04:31:01,02:23:24,01:39:50,15:25:43,+00:05:18,13:15:02,43.3,150479000
2023-04-26,1,,,03:27:44,23:05:48,04:40:06,21:51:54,05:30:14,21:01:14,60.8,299.6,04:21:55,02:26:17,01:40:46,15:31:00,+00:05:17,13:14:52,43.6,150518000
2023-04-27,1,,,03:22:59,23:10:22,04:36:50,21:54:52,05:27:27,21:03:43,60.1,300.4,04:12:36,02:29:21,01:41:44,15:36:16,+00:05:16,13:14:43,43.9,150557000
2023-04-28,1,,,03:18:07,23:15:03,04:33:34,21:57:51,05:24:40,21:06:12,59.4,301.1,04:03:03,02:32:39,01:42:45,15:41:31,+00:05:15,13:14:34,44.3,150595000
2023-04-29,1,,,03:13:08,23:19:54,04:30:18,22:00:51,05:21:55,21:08:40,58.7,301.8,03:53:14,02:36:12,01:43:47,15:46:45,+00:05:14,13:14:25,44.6,150633000
2023-04-30,1,,,03:08:01,23:24:55,04:27:02,22:03:53,05:19:10,21:11:09,58.0,302.5,03:43:06,02:40:02,01:44:52,15:51:58,+00:05:13,13:14:17,44.9,150671000
2023-05-01,1,,,03:02:46,23:30:07,04:23:46,22:06:55,05:16:27,21:13:37,57.3,303.2,03:32:38,02:44:12,01:45:59,15:57:10,+00:05:12,13:14:10,45.2,150709000
2023-05-02,1,,,02:57:20,23:35:33,04:20:29,22:09:58,05:13:45,21:16:05,56.6,303.9,03:21:46,02:48:44,01:47:08,16:02:20,+00:05:10,13:14:03,45.5,150746000
2023-05-03,1,,,02:51:41,23:41:13,04:17:13,22:13:02,05:11:04,21:18:33,55.9,304.6,03:10:27,02:53:43,01:48:19,16:07:29,+00:05:09,13:13:56,45.8,150783000
2023-05-04,1,,,02:45:49,23:47:12,04:13:58,22:16:07,05:08:24,21:21:01,55.2,305.2,02:58:36,02:59:13,01:49:33,16:12:36,+00:05:07,13:13:50,46.1,150820000
2023-05-05,1,,,02:39:39,23:53:33,04:10:42,22:19:14,05:05:46,21:23:28,54.5,305.9,02:46:05,03:05:22,01:50:49,16:17:41,+00:05:05,13:13:45,46.4,150857000
2023-05-06,1,,,02:33:08,,04:07:26,22:22:21,05:03:09,21:25:55,53.9,306.6,02:33:08,03:11:56,01:52:08,16:22:45,+00:05:04,13:13:40,46.6,150894000
2023-05-07,1,,,,00:00:22,04:04:11,22:25:29,05:00:34,21:28:22,53.2,307.2,02:25:48,03:12:53,01:53:30,16:27:47,+00:05:02,13:13:36,46.9,150930000
2023-05-07,2,,,02:26:11,,,,,,,,,,,,,,,
2023-05-08,1,,,,00:07:48,04:00:55,22:28:38,04:58:00,21:30:48,52.6,307.9,02:10:50,03:21:26,01:54:54,16:32:47,+00:05:00,13:13:32,47.2,150966000
2023-05-08,2,,,02:18:38,,,,,,,,,,,,,,,
2023-05-09,1,,,,00:16:03,03:57:40,22:31:48,04:55:28,21:33:13,51.9,308.5,01:54:13,03:31:38,01:56:22,16:37:45,+00:04:58,13:13:29,47.5,151003000
2023-05-09,2,,,02:10:17,,,,,,,,,,,,,,,
2023-05-10,1,,,,00:25:34,03:54:26,22:34:58,04:52:58,21:35:39,51.3,309.2,01:35:06,03:44:20,01:57:52,16:42:40,+00:04:55,13:13:26,47.7,151038000
2023-05-10,2,,,02:00:41,,,,,,,,,,,,,,,
2023-05-11,1,,,,00:37:21,03:51:11,22:38:10,04:50:29,21:38:03,50.6,309.8,23:22:38,-18:-9:-37,01:59:25,16:47:33,+00:04:53,13:13:24,48.0,151074000
2023-05-12,1,,,,00:55:24,03:47:57,22:41:23,04:48:02,21:40:27,50.0,310.4,00:35:19,04:31:14,02:01:01,16:52:24,+00:04:51,13:13:23,48.2,151109000
2023-05-12,2,,,01:30:44,,,,,,,,,,,,,,,
2023-05-13,1,,,,,03:44:43,22:44:36,04:45:37,21:42:50,49.4,311.1,00:00:00,05:00:06,02:02:40,16:57:12,+00:04:48,13:13:22,48.5,151144000
2023-05-14,1,,,,,03:41:30,22:47:50,04:43:14,21:45:12,48.8,311.7,00:00:00,04:53:39,02:04:22,17:01:57,+00:04:45,13:13:22,48.7,151178000
2023-05-15,1,,,,,03:38:17,22:51:05,04:40:53,21:47:33,48.1,312.3,00:00:00,04:47:11,02:06:08,17:06:39,+00:04:42,13:13:23,49.0,151211000
2023-05-16,1,,,,,03:35:04,22:54:20,04:38:34,21:49:53,47.5,312.9,00:00:00,04:40:44,02:07:57,17:11:18,+00:04:39,13:13:24,49.2,151244000
2023-05-17,1,,,,,03:31:52,22:57:36,04:36:18,21:52:12,47.0,313.5,00:00:00,04:34:16,02:09:49,17:15:53,+00:04:35,13:13:25,49.4,151277000
2023-05-18,1,,,,,03:28:41,23:00:52,04:34:04,21:54:29,46.4,314.0,00:00:00,04:27:48,02:11:45,17:20:25,+00:04:32,13:13:27,49.6,151309000
2023-05-19,1,,,,,03:25:30,23:04:09,04:31:52,21:56:46,45.8,314.6,00:00:00,04:21:21,02:13:44,17:24:53,+00:04:28,13:13:30,49.9,151340000
2023-05-20,1,,,,,03:22:21,23:07:26,04:29:43,21:59:00,45.2,315.2,00:00:00,04:14:54,02:15:47,17:29:17,+00:04:24,13:13:33,50.1,151370000
2023-05-21,1,,,,,03:19:12,23:10:43,04:27:36,22:01:13,44.7,315.7,00:00:00,04:08:28,02:17:54,17:33:37,+00:04:20,13:13:37,50.3,151399000
2023-05-22,1,,,,,03:16:03,23:14:00,04:25:32,22:03:24,44.2,316.2,00:00:00,04:02:03,02:20:04,17:37:52,+00:04:15,13:13:41,50.5,151428000
2023-05-23,1,,,,,03:12:56,23:17:18,04:23:31,22:05:34,43.6,316.8,00:00:00,03:55:38,02:22:18,17:42:02,+00:04:10,13:13:46,50.7,151456000
2023-05-24,1,,,,,03:09:50,23:20:34,04:21:33,22:07:41,43.1,317.3,00:00:00,03:49:15,02:24:35,17:46:08,+00:04:06,13:13:51,50.9,151484000
2023-05-25,1,,,,,03:06:45,23:23:51,04:19:38,22:09:46,42.6,317.8,00:00:00,03:42:54,02:26:57,17:50:08,+00:04:00,13:13:57,51.0,151511000
2023-05-26,1,,,,,03:03:42,23:27:07,04:17:46,22:11:49,42.1,318.2,00:00:00,03:36:34,02:29:21,17:54:03,+00:03:55,13:14:04,51.2,151537000
2023-05-27,1,,,,,03:00:40,23:30:23,04:15:57,22:13:49,41.6,318.7,00:00:00,03:30:17,02:31:50,17:57:52,+00:03:49,13:14:10,51.4,151562000
2023-05-28,1,,,,,02:57:39,23:33:37,04:14:12,22:15:47,41.2,319.2,00:00:00,03:24:02,02:34:21,18:01:35,+00:03:43,13:14:18,51.6,151587000
2023-05-29,1,,,,,02:54:41,23:36:50,04:12:30,22:17:42,40.7,319.6,00:00:00,03:17:50,02:36:57,18:05:12,+00:03:37,13:14:25,51.7,151612000
2023-05-30,1,,,,,02:51:44,23:40:03,04:10:52,22:19:34,40.3,320.0,00:00:00,03:11:41,02:39:35,18:08:42,+00:03:30,13:14:33,51.9,151636000
2023-05-31,1,,,,,02:48:50,23:43:13,04:09:17,22:21:24,39.8,320.5,00:00:00,03:05:36,02:42:16,18:12:06,+00:03:24,13:14:42,52.0,151659000
2023-06-01,1,,,,,02:45:58,23:46:22,04:07:46,22:23:10,39.4,320.9,00:00:00,02:59:36,02:45:00,18:15:23,+00:03:17,13:14:51,52.2,151682000
2023-06-02,1,,,,,02:43:08,23:49:28,04:06:20,22:24:52,39.0,321.2,00:00:00,02:53:40,02:47:47,18:18:32,+00:03:09,13:15:00,52.3,151705000
2023-06-03,1,,,,,02:40:22,23:52:32,04:04:57,22:26:31,38.7,321.6,00:00:00,02:47:49,02:50:35,18:21:34,+00:03:02,13:15:10,52.4,151727000
2023-06-04,1,,,,,02:37:39,23:55:33,04:03:39,22:28:07,38.3,322.0,00:00:00,02:42:06,02:53:25,18:24:28,+00:02:54,13:15:20,52.5,151749000
2023-06-05,1,,,,,02:34:59,23:58:30,04:02:25,22:29:39,38.0,322.3,00:00:00,02:36:29,02:56:16,18:27:14,+00:02:46,13:15:30,52.6,151770000
2023-06-06,1,,,,,02:32:24,,04:01:15,22:31:06,37.6,322.6,00:00:00,02:32:24,02:57:43,18:29:51,+00:02:37,13:15:41,52.7,151791000
2023-06-07,1,,,,,,00:01:23,04:00:10,22:32:30,37.3,322.9,00:00:00,02:28:29,02:59:09,18:32:20,+00:02:29,13:15:52,52.8,151812000
2023-06-07,2,,,,,02:29:53,,,,,,,,,,,,,
2023-06-08,1,,,,,,00:04:13,03:59:09,22:33:50,37.0,323.2,00:00:00,02:23:15,03:02:04,18:34:40,+00:02:20,13:16:03,52.9,151832000
2023-06-08,2,,,,,02:27:28,,,,,,,,,,,,,
2023-06-09,1,,,,,,00:06:56,03:58:14,22:35:05,36.8,323.4,00:00:00,02:18:11,03:04:57,18:36:51,+00:02:11,13:16:15,53.0,151851000
2023-06-09,2,,,,,02:25:08,,,,,,,,,,,,,
2023-06-10,1,,,,,,00:09:34,03:57:23,22:36:16,36.5,323.7,00:00:00,02:13:19,03:07:47,18:38:52,+00:02:01,13:16:26,53.1,151870000
2023-06-10,2,,,,,02:22:54,,,,,,,,,,,,,
2023-06-11,1,,,,,,00:12:06,03:56:37,22:37:22,36.3,323.9,00:00:00,02:08:42,03:10:33,18:40:44,+00:01:52,13:16:38,53.2,151888000
2023-06-11,2,,,,,02:20:48,,,,,,,,,,,,,
2023-06-12,1,,,,,,00:14:30,03:55:57,22:38:24,36.1,324.1,00:00:00,02:04:19,03:13:13,18:42:27,+00:01:43,13:16:51,53.2,151906000
2023-06-12,2,,,,,02:18:50,,,,,,,,,,,,,
2023-06-13,1,,,,,,00:16:45,03:55:21,22:39:20,35.9,324.3,00:00:00,02:00:14,03:15:45,18:43:59,+00:01:32,13:17:03,53.3,151923000
2023-06-13,2,,,,,02:17:00,,,,,,,,,,,,,
2023-06-14,1,,,,,,00:18:51,03:54:51,22:40:12,35.7,324.4,00:00:00,01:56:29,03:18:09,18:45:21,+00:01:22,13:17:16,53.4,151939000
2023-06-14,2,,,,,02:15:20,,,,,,,,,,,,,
2023-06-15,1,,,,,,00:20:47,03:54:26,22:40:59,35.5,324.6,00:00:00,01:53:04,03:20:22,18:46:32,+00:01:11,13:17:29,53.4,151954000
2023-06-15,2,,,,,02:13:51,,,,,,,,,,,,,
2023-06-16,1,,,,,,00:22:31,03:54:06,22:41:40,35.4,324.7,00:00:00,01:50:03,03:22:22,18:47:34,+00:01:02,13:17:42,53.4,151969000
2023-06-16,2,,,,,02:12:34,,,,,,,,,,,,,
2023-06-17,1,,,,,,00:24:02,03:53:52,22:42:16,35.3,324.8,00:00:00,01:47:27,03:24:07,18:48:24,+00:00:50,13:17:55,53.5,151982000
2023-06-17,2,,,,,02:11:30,,,,,,,,,,,,,
2023-06-18,1,,,,,,00:25:20,03:53:43,22:42:47,35.2,324.8,00:00:00,01:45:19,03:25:36,18:49:04,+00:00:40,13:18:08,53.5,151995000
2023-06-18,2,,,,,02:10:40,,,,,,,,,,,,,
2023-06-19,1,,,,,,00:26:24,03:53:40,22:43:13,35.1,324.9,00:00:00,01:43:40,03:26:46,18:49:33,+00:00:29,13:18:21,53.5,152007000
2023-06-19,2,,,,,02:10:04,,,,,,,,,,,,,
2023-06-20,1,,,,,,00:27:12,03:53:42,22:43:33,35.1,324.9,00:00:00,01:42:31,03:27:37,18:49:51,+00:00:18,13:18:34,53.5,152017000
2023-06-20,2,,,,,02:09:43,,,,,,,,,,,,,
2023-06-21,1,,,,,,00:27:44,03:53:49,22:43:47,35.1,324.9,00:00:00,01:41:54,03:28:07,18:49:58,+00:00:07,13:18:48,53.5,152028000
2023-06-21,2,,,,,02:09:38,,,,,,,,,,,,,
2023-06-22,1,,,,,,00:28:00,03:54:02,22:43:57,35.1,324.9,00:00:00,01:41:49,03:28:16,18:49:54,-00:00:04,13:19:01,53.5,152037000
2023-06-22,2,,,,,02:09:49,,,,,,,,,,,,,
2023-06-23,1,,,,,,00:28:00,03:54:20,22:44:00,35.1,324.9,00:00:00,01:42:16,03:28:03,18:49:39,-00:00:15,13:19:14,53.5,152045000
2023-06-23,2,,,,,02:10:17,,,,,,,,,,,,,
2023-06-24,1,,,,,,00:27:44,03:54:44,22:43:58,35.1,324.8,00:00:00,01:43:15,03:27:30,18:49:13,-00:00:26,13:19:27,53.5,152053000
2023-06-24,2,,,,,02:11:00,,,,,,,,,,,,,
2023-06-25,1,,,,,,00:27:13,03:55:13,22:43:51,35.2,324.7,00:00:00,01:44:45,03:26:37,18:48:37,-00:00:36,13:19:40,53.5,152059000
2023-06-25,2,,,,,02:11:58,,,,,,,,,,,,,
2023-06-26,1,,,,,,00:26:26,03:55:47,22:43:38,35.3,324.6,00:00:00,01:46:45,03:25:24,18:47:50,-00:00:47,13:19:52,53.5,152065000
2023-06-26,2,,,,,02:13:11,,,,,,,,,,,,,
2023-06-27,1,,,,,,00:25:26,03:56:27,22:43:19,35.4,324.5,00:00:00,01:49:12,03:23:55,18:46:52,-00:00:58,13:20:05,53.4,152071000
2023-06-27,2,,,,,02:14:38,,,,,,,,,,,,,
2023-06-28,1,,,,,,00:24:12,03:57:11,22:42:55,35.5,324.4,00:00:00,01:52:05,03:22:10,18:45:43,-00:01:09,13:20:17,53.4,152076000
2023-06-28,2,,,,,02:16:18,,,,,,,,,,,,,
2023-06-29,1,,,,,,00:22:47,03:58:01,22:42:26,35.7,324.2,00:00:00,01:55:22,03:20:12,18:44:25,-00:01:18,13:20:29,53.3,152080000
2023-06-29,2,,,,,02:18:09,,,,,,,,,,,,,
2023-06-30,1,,,,,,00:21:10,03:58:55,22:41:52,35.9,324.0,00:00:00,01:59:01,03:18:02,18:42:56,-00:01:29,13:20:41,53.3,152083000
2023-06-30,2,,,,,02:20:11,,,,,,,,,,,,,
2023-07-01,1,,,,,,00:19:23,03:59:54,22:41:12,36.0,323.8,00:00:00,02:02:59,03:15:42,18:41:17,-00:01:39,13:20:53,53.2,152086000
2023-07-01,2,,,,,02:22:23,,,,,,,,,,,,,
2023-07-02,1,,,,,,00:17:27,04:00:58,22:40:27,36.3,323.6,00:00:00,02:07:15,03:13:15,18:39:29,-00:01:48,13:21:04,53.1,152088000
2023-07-02,2,,,,,02:24:43,,,,,,,,,,,,,
2023-07-03,1,,,,,,00:15:23,04:02:07,22:39:37,36.5,323.3,00:00:00,02:11:47,03:10:41,18:37:30,-00:01:59,13:21:15,53.1,152090000
2023-07-03,2,,,,,02:27:11,,,,,,,,,,,,,
2023-07-04,1,,,,,,00:13:11,04:03:19,22:38:43,36.7,323.1,00:00:00,02:16:34,03:08:02,18:35:23,-00:02:07,13:21:26,53.0,152092000
2023-07-04,2,,,,,02:29:45,,,,,,,,,,,,,
2023-07-05,1,,,,,,00:10:53,04:04:37,22:37:43,37.0,322.8,00:00:00,02:21:32,03:05:20,18:33:06,-00:02:17,13:21:37,52.9,152093000
2023-07-05,2,,,,,02:32:26,,,,,,,,,,,,,
2023-07-06,1,,,,,,00:08:29,04:05:58,22:36:39,37.3,322.5,00:00:00,02:26:42,03:02:36,18:30:41,-00:02:25,13:21:47,52.8,152093000
2023-07-06,2,,,,,02:35:12,,,,,,,,,,,,,
2023-07-07,1,,,,,,00:06:00,04:07:23,22:35:30,37.6,322.2,00:00:00,02:32:02,02:59:50,18:28:07,-00:02:34,13:21:57,52.7,152093000
2023-07-07,2,,,,,02:38:02,,,,,,,,,,,,,
2023-07-08,1,,,,,,00:03:26,04:08:52,22:34:17,37.9,321.8,00:00:00,02:37:30,02:57:04,18:25:24,-00:02:43,13:22:06,52.6,152092000
2023-07-08,2,,,,,02:40:56,,,,,,,,,,,,,
2023-07-09,1,,,,,,00:00:47,04:10:25,22:32:59,38.3,321.5,00:00:00,02:45:01,02:52:23,18:22:34,-00:02:50,13:22:15,52.5,152091000
2023-07-09,2,,,,,02:43:54,23:58:05,,,,,,,,,,,,
2023-07-10,1,,,,,02:46:55,23:55:19,04:12:02,22:31:38,38.6,321.1,00:00:00,02:51:35,02:48:47,18:19:36,-00:02:58,13:22:24,52.3,152089000
2023-07-11,1,,,,,02:49:59,23:52:31,04:13:41,22:30:12,39.0,320.7,00:00:00,02:57:28,02:46:01,18:16:30,-00:03:06,13:22:32,52.2,152086000
2023-07-12,1,,,,,02:53:05,23:49:39,04:15:25,22:28:42,39.4,320.3,00:00:00,03:03:25,02:43:17,18:13:17,-00:03:13,13:22:40,52.1,152083000
2023-07-13,1,,,,,02:56:13,23:46:45,04:17:11,22:27:08,39.8,319.9,00:00:00,03:09:27,02:40:35,18:09:56,-00:03:21,13:22:47,51.9,152079000
2023-07-14,1,,,,,02:59:22,23:43:49,04:19:00,22:25:30,40.2,319.5,00:00:00,03:15:32,02:37:57,18:06:29,-00:03:27,13:22:54,51.8,152074000
2023-07-15,1,,,,,03:02:33,23:40:51,04:20:52,22:23:49,40.7,319.0,00:00:00,03:21:41,02:35:21,18:02:56,-00:03:33,13:23:01,51.6,152067000
2023-07-16,1,,,,,03:05:44,23:37:51,04:22:47,22:22:04,41.1,318.5,00:00:00,03:27:53,02:32:49,17:59:17,-00:03:39,13:23:07,51.5,152061000
2023-07-17,1,,,,,03:08:57,23:34:49,04:24:44,22:20:16,41.6,318.1,00:00:00,03:34:07,02:30:20,17:55:31,-00:03:46,13:23:12,51.3,152053000
2023-07-18,1,,,,,03:12:10,23:31:46,04:26:44,22:18:24,42.0,317.6,00:00:00,03:40:24,02:27:55,17:51:40,-00:03:51,13:23:17,51.1,152044000
2023-07-19,1,,,,,03:15:23,23:28:41,04:28:46,22:16:30,42.5,317.1,00:00:00,03:46:42,02:25:33,17:47:43,-00:03:57,13:23:21,50.9,152034000
2023-07-20,1,,,,,03:18:37,23:25:35,04:30:50,22:14:32,43.0,316.6,00:00:00,03:53:02,02:23:15,17:43:42,-00:04:01,13:23:25,50.8,152024000
2023-07-21,1,,,,,03:21:51,23:22:28,04:32:56,22:12:31,43.6,316.1,00:00:00,03:59:22,02:21:01,17:39:35,-00:04:07,13:23:29,50.6,152013000
2023-07-22,1,,,,,03:25:05,23:19:20,04:35:03,22:10:27,44.1,315.5,00:00:00,04:05:44,02:18:50,17:35:24,-00:04:11,13:23:31,50.4,152001000
2023-07-23,1,,,,,03:28:19,23:16:11,04:37:13,22:08:21,44.6,315.0,00:00:00,04:12:07,02:16:43,17:31:08,-00:04:16,13:23:33,50.2,151988000
2023-07-24,1,,,,,03:31:32,23:13:01,04:39:23,22:06:12,45.2,314.4,00:00:00,04:18:31,02:14:40,17:26:48,-00:04:20,13:23:35,50.0,151974000
2023-07-25,1,,,,,03:34:45,23:09:50,04:41:36,22:04:00,45.7,313.9,00:00:00,04:24:54,02:12:40,17:22:24,-00:04:24,13:23:36,49.7,151959000
2023-07-26,1,,,,,03:37:58,23:06:39,04:43:49,22:01:46,46.3,313.3,00:00:00,04:31:19,02:10:44,17:17:56,-00:04:28,13:23:36,49.5,151944000
2023-07-27,1,,,,,03:41:10,23:03:27,04:46:04,21:59:30,46.9,312.7,00:00:00,04:37:43,02:08:51,17:13:25,-00:04:31,13:23:36,49.3,151928000
2023-07-28,1,,,,,03:44:22,23:00:14,04:48:20,21:57:11,47.4,312.1,00:00:00,04:44:07,02:07:01,17:08:50,-00:04:35,13:23:35,49.1,151912000
2023-07-29,1,,,,,03:47:33,22:57:01,04:50:37,21:54:50,48.0,311.5,00:00:00,04:50:31,02:05:15,17:04:12,-00:04:38,13:23:33,48.8,151895000
2023-07-30,1,,,,,03:50:43,22:53:48,04:52:55,21:52:27,48.6,310.9,00:00:00,04:56:55,02:03:32,16:59:32,-00:04:40,13:23:31,48.6,151878000
2023-07-31,1,,,,,03:53:52,22:50:34,04:55:14,21:50:02,49.2,310.3,00:00:00,05:03:18,02:01:52,16:54:48,-00:04:44,13:23:28,48.4,151860000
2023-08-01,1,,,,,03:57:01,22:47:19,04:57:33,21:47:36,49.9,309.7,00:00:00,05:09:41,02:00:16,16:50:02,-00:04:46,13:23:25,48.1,151841000
2023-08-02,1,,,,00:56:00,04:00:08,22:44:04,04:59:54,21:45:07,50.5,309.1,23:03:59,-17:-47:-55,01:58:42,16:45:13,-00:04:49,13:23:20,47.9,151822000
2023-08-03,1,,,,00:42:02,04:03:15,22:40:49,05:02:14,21:42:37,51.1,308.4,01:23:13,03:59:12,01:57:12,16:40:22,-00:04:51,13:23:16,47.6,151803000
2023-08-03,2,,,02:05:15,,,,,,,,,,,,,,,
2023-08-04,1,,,,00:31:29,04:06:21,22:37:34,05:04:36,21:40:04,51.8,307.8,01:44:09,03:44:37,01:55:44,16:35:28,-00:04:54,13:23:11,47.3,151784000
2023-08-04,2,,,02:15:39,,,,,,,,,,,,,,,
2023-08-05,1,,,,00:22:34,04:09:26,22:34:18,05:06:58,21:37:31,52.4,307.2,02:01:49,03:33:18,01:54:19,16:30:33,-00:04:55,13:23:05,47.1,151764000
2023-08-05,2,,,02:24:24,,,,,,,,,,,,,,,
2023-08-06,1,,,,00:14:39,04:12:30,22:31:03,05:09:20,21:34:55,53.0,306.5,02:17:28,03:23:59,01:52:56,16:25:35,-00:04:58,13:22:58,46.8,151743000
2023-08-06,2,,,02:32:07,,,,,,,,,,,,,,,
2023-08-07,1,,,,00:07:25,04:15:33,22:27:47,05:11:42,21:32:19,53.7,305.8,02:31:43,03:16:02,01:51:37,16:20:36,-00:04:59,13:22:51,46.5,151722000
2023-08-07,2,,,02:39:09,,,,,,,,,,,,,,,
2023-08-08,1,,,,00:00:41,04:18:35,22:24:30,05:14:05,21:29:40,54.4,305.2,02:50:35,03:03:29,01:50:20,16:15:34,-00:05:02,13:22:44,46.2,151700000
2023-08-08,2,,,02:45:38,23:54:21,,,,,,,,,,,,,,
2023-08-09,1,,,02:51:43,23:48:20,04:21:36,22:21:14,05:16:29,21:27:01,55.0,304.5,03:03:23,02:56:58,01:49:05,16:10:32,-00:05:02,13:22:36,46.0,151678000
2023-08-10,1,,,02:57:28,23:42:35,04:24:37,22:17:58,05:18:52,21:24:20,55.7,303.8,03:14:53,02:51:45,01:47:53,16:05:27,-00:05:05,13:22:27,45.7,151655000
2023-08-11,1,,,03:02:57,23:37:02,04:27:36,22:14:41,05:21:16,21:21:38,56.4,303.1,03:25:54,02:47:00,01:46:43,16:00:21,-00:05:06,13:22:18,45.4,151632000
2023-08-12,1,,,03:08:11,23:31:41,04:30:34,22:11:25,05:23:40,21:18:54,57.1,302.5,03:36:29,02:42:39,01:45:36,15:55:14,-00:05:07,13:22:08,45.1,151607000
2023-08-13,1,,,03:13:12,23:26:29,04:33:31,22:08:08,05:26:04,21:16:10,57.8,301.8,03:46:43,02:38:39,01:44:31,15:50:06,-00:05:08,13:21:57,44.8,151582000
2023-08-14,1,,,03:18:03,23:21:26,04:36:27,22:04:51,05:28:28,21:13:24,58.5,301.1,03:56:37,02:34:58,01:43:27,15:44:56,-00:05:10,13:21:46,44.5,151556000
2023-08-15,1,,,03:22:45,23:16:30,04:39:22,22:01:35,05:30:52,21:10:38,59.2,300.4,04:06:14,02:31:33,01:42:26,15:39:45,-00:05:11,13:21:35,44.1,151530000
2023-08-16,1,,,03:27:17,23:11:42,04:42:16,21:58:18,05:33:16,21:07:50,59.9,299.7,04:15:35,02:28:22,01:41:28,15:34:33,-00:05:12,13:21:23,43.8,151503000
2023-08-17,1,,,03:31:42,23:06:59,04:45:09,21:55:01,05:35:40,21:05:01,60.6,299.0,04:24:43,02:25:23,01:40:31,15:29:21,-00:05:12,13:21:11,43.5,151475000
2023-08-18,1,,,03:36:00,23:02:21,04:48:00,21:51:45,05:38:04,21:02:12,61.3,298.3,04:33:39,02:22:36,01:39:36,15:24:07,-00:05:14,13:20:58,43.2,151446000
2023-08-19,1,,,03:40:12,22:57:49,04:50:51,21:48:28,05:40:27,20:59:21,62.0,297.5,04:42:23,02:19:59,01:38:43,15:18:53,-00:05:14,13:20:44,42.9,151417000
2023-08-20,1,,,03:44:17,22:53:21,04:53:41,21:45:12,05:42:51,20:56:30,62.7,296.8,04:50:56,02:17:32,01:37:52,15:13:38,-00:05:15,13:20:30,42.5,151386000
2023-08-21,1,,,03:48:17,22:48:57,04:56:29,21:41:55,05:45:15,20:53:38,63.4,296.1,04:59:20,02:15:13,01:37:02,15:08:23,-00:05:15,13:20:15,42.2,151356000
2023-08-22,1,,00:57:50,03:52:12,22:44:37,04:59:17,21:38:39,05:47:38,20:50:45,64.2,295.4,-17:-54:-34,02:13:02,01:36:15,15:03:06,-00:05:17,13:20:00,41.9,151324000
2023-08-23,1,,00:38:57,03:56:02,22:40:20,05:02:03,21:35:23,05:50:01,20:47:51,64.9,294.6,03:52:59,02:10:58,01:35:29,14:57:50,-00:05:16,13:19:45,41.5,151292000
2023-08-23,2,02:01:39,,,,,,,,,,,,,,,,,
2023-08-24,1,,00:26:04,03:59:48,22:36:07,05:04:49,21:32:07,05:52:24,20:44:57,65.6,293.9,03:35:42,02:09:01,01:34:45,14:52:32,-00:05:18,13:19:29,41.2,151260000
2023-08-24,2,02:14:02,,,,,,,,,,,,,,,,,
2023-08-25,1,,00:15:32,04:03:29,22:31:57,05:07:33,21:28:51,05:54:47,20:42:02,66.4,293.2,03:23:01,02:07:10,01:34:02,14:47:15,-00:05:17,13:19:13,40.9,151227000
2023-08-25,2,02:24:02,,,,,,,,,,,,,,,,,
2023-08-26,1,,00:06:21,04:07:06,22:27:50,05:10:17,21:25:35,05:57:09,20:39:06,67.1,292.4,03:11:02,02:05:25,01:33:21,14:41:56,-00:05:19,13:18:56,40.5,151193000
2023-08-26,2,02:32:40,23:58:05,,,,,,,,,,,,,,,,
2023-08-27,1,02:40:22,23:50:29,04:10:40,22:23:46,05:12:59,21:22:19,05:59:32,20:36:10,67.8,291.7,02:56:59,02:03:46,01:32:42,14:36:38,-00:05:18,13:18:39,40.2,151159000
2023-08-28,1,02:47:24,23:43:22,04:14:10,22:19:45,05:15:40,21:19:04,06:01:54,20:33:13,68.6,291.0,02:50:23,02:02:11,01:32:04,14:31:19,-00:05:19,13:18:21,39.8,151125000
2023-08-29,1,02:53:55,23:36:41,04:17:36,22:15:45,05:18:21,21:15:49,06:04:15,20:30:16,69.3,290.2,02:44:36,02:00:41,01:31:27,14:26:00,-00:05:19,13:18:03,39.5,151091000
2023-08-30,1,03:00:01,23:30:19,04:20:59,22:11:49,05:21:00,21:12:34,06:06:37,20:27:18,70.1,289.5,02:39:28,01:59:15,01:30:52,14:20:40,-00:05:20,13:17:45,39.1,151056000
2023-08-31,1,03:05:46,23:24:14,04:24:20,22:07:54,05:23:39,21:09:19,06:08:59,20:24:20,70.8,288.7,02:34:53,01:57:54,01:30:18,14:15:21,-00:05:19,13:17:26,38.7,151021000
2023-09-01,1,03:11:14,23:18:24,04:27:37,22:04:02,05:26:16,21:06:04,06:11:20,20:21:21,71.6,288.0,02:30:45,01:56:36,01:29:46,14:10:01,-00:05:20,13:17:07,38.4,150986000
2023-09-02,1,03:16:26,23:12:46,04:30:52,22:00:11,05:28:53,21:02:50,06:13:41,20:18:22,72.3,287.2,02:27:00,01:55:22,01:29:15,14:04:41,-00:05:20,13:16:48,38.0,150951000
2023-09-03,1,03:21:26,23:07:19,04:34:04,21:56:23,05:31:29,20:59:36,06:16:02,20:15:23,73.1,286.5,02:23:34,01:54:12,01:28:46,13:59:20,-00:05:21,13:16:29,37.7,150916000
2023-09-04,1,03:26:14,23:02:02,04:37:13,21:52:37,05:34:04,20:56:23,06:18:23,20:12:23,73.9,285.7,02:20:24,01:53:05,01:28:18,13:54:00,-00:05:20,13:16:09,37.3,150880000
2023-09-05,1,03:30:51,22:56:54,04:40:20,21:48:52,05:36:39,20:53:09,06:20:43,20:09:23,74.6,284.9,02:17:30,01:52:01,01:27:50,13:48:39,-00:05:21,13:15:49,36.9,150844000
2023-09-06,1,03:35:20,22:51:53,04:43:25,21:45:09,05:39:12,20:49:56,06:23:04,20:06:22,75.4,284.2,02:14:49,01:51:00,01:27:25,13:43:18,-00:05:21,13:15:29,36.5,150808000
2023-09-07,1,03:39:40,22:47:00,04:46:28,21:41:28,05:41:45,20:46:43,06:25:24,20:03:22,76.1,283.4,02:12:19,01:50:02,01:27:00,13:37:57,-00:05:21,13:15:08,36.2,150771000
2023-09-08,1,03:43:53,22:42:13,04:49:28,21:37:48,05:44:18,20:43:31,06:27:45,20:00:21,76.9,282.7,02:10:00,01:49:06,01:26:37,13:32:35,-00:05:22,13:14:48,35.8,150735000
2023-09-09,1,03:47:58,22:37:32,04:52:27,21:34:11,05:46:49,20:40:19,06:30:05,19:57:20,77.7,281.9,02:07:50,01:48:14,01:26:15,13:27:14,-00:05:21,13:14:27,35.4,150697000
2023-09-10,1,03:51:58,22:32:57,04:55:23,21:30:34,05:49:20,20:37:07,06:32:25,19:54:18,78.4,281.1,02:05:48,01:47:23,01:25:54,13:21:52,-00:05:22,13:14:06,35.0,150659000
2023-09-11,1,03:55:51,22:28:28,04:58:18,21:27:00,05:51:51,20:33:56,06:34:45,19:51:17,79.2,280.4,02:03:55,01:46:35,01:25:34,13:16:31,-00:05:21,13:13:45,34.7,150621000
2023-09-12,1,03:59:39,22:24:03,05:01:11,21:23:26,05:54:20,20:30:45,06:37:05,19:48:15,80.0,279.6,02:02:08,01:45:50,01:25:15,13:11:09,-00:05:22,13:13:24,34.3,150583000
2023-09-13,1,04:03:22,22:19:42,05:04:03,21:19:55,05:56:49,20:27:34,06:39:26,19:45:13,80.8,278.8,02:00:28,01:45:07,01:24:57,13:05:47,-00:05:22,13:13:03,33.9,150543000
2023-09-14,1,04:07:00,22:15:26,05:06:52,21:16:24,05:59:18,20:24:24,06:41:46,19:42:11,81.5,278.1,01:58:54,01:44:25,01:24:40,13:00:25,-00:05:22,13:12:41,33.5,150504000
2023-09-15,1,04:10:34,22:11:14,05:09:40,21:12:55,06:01:46,20:21:15,06:44:06,19:39:09,82.3,277.3,01:57:25,01:43:46,01:24:25,12:55:03,-00:05:22,13:12:20,33.1,150464000
2023-09-16,1,04:14:03,22:07:06,05:12:27,21:09:28,06:04:13,20:18:05,06:46:26,19:36:07,83.1,276.5,01:56:01,01:43:09,01:24:10,12:49:41,-00:05:22,13:11:59,32.8,150423000
2023-09-17,1,04:17:29,22:03:02,05:15:12,21:06:02,06:06:40,20:14:57,06:48:46,19:33:05,83.8,275.7,01:54:43,01:42:33,01:23:57,12:44:19,-00:05:22,13:11:37,32.4,150382000
2023-09-18,1,04:20:50,21:59:01,05:17:55,21:02:37,06:09:07,20:11:49,06:51:06,19:30:02,84.6,275.0,01:53:28,01:42:00,01:23:44,12:38:56,-00:05:23,13:11:16,32.0,150341000
2023-09-19,1,04:24:09,21:55:04,05:20:37,20:59:14,06:11:32,20:08:41,06:53:26,19:27:00,85.4,274.2,01:52:18,01:41:28,01:23:33,12:33:34,-00:05:22,13:10:55,31.6,150299000
2023-09-20,1,04:27:23,21:51:10,05:23:18,20:55:52,06:13:58,20:05:34,06:55:46,19:23:58,86.2,273.4,01:51:11,01:40:58,01:23:23,12:28:12,-00:05:22,13:10:33,31.2,150257000
2023-09-21,1,04:30:35,21:47:19,05:25:58,20:52:32,06:16:23,20:02:27,06:58:06,19:20:56,87.0,272.6,01:50:09,01:40:30,01:23:13,12:22:50,-00:05:22,13:10:12,30.8,150215000
2023-09-22,1,04:33:44,21:43:30,05:28:36,20:49:13,06:18:48,19:59:21,07:00:26,19:17:54,87.7,271.9,01:49:09,01:40:03,01:23:05,12:17:27,-00:05:23,13:09:51,30.4,150172000
2023-09-23,1,04:36:50,21:39:45,05:31:13,20:45:55,06:21:12,19:56:15,07:02:46,19:14:52,88.5,271.1,01:48:13,01:39:38,01:22:57,12:12:05,-00:05:22,13:09:30,30.0,150129000
2023-09-24,1,04:39:53,21:36:03,05:33:49,20:42:38,06:23:36,19:53:10,07:05:07,19:11:50,89.3,270.3,01:47:20,01:39:15,01:22:51,12:06:43,-00:05:22,13:09:09,29.7,150086000
2023-09-25,1,04:42:53,21:32:23,05:36:24,20:39:23,06:25:59,19:50:06,07:07:27,19:08:48,90.1,269.5,01:46:30,01:38:52,01:22:45,12:01:20,-00:05:23,13:08:48,29.3,150043000
2023-09-26,1,04:45:51,21:28:47,05:38:57,20:36:09,06:28:22,19:47:02,07:09:48,19:05:47,90.8,268.8,01:45:43,01:38:32,01:22:41,11:55:58,-00:05:22,13:08:27,28.9,150000000
2023-09-27,1,04:48:47,21:25:12,05:41:30,20:32:57,06:30:45,19:43:59,07:12:09,19:02:45,91.6,268.0,01:44:58,01:38:12,01:22:37,11:50:36,-00:05:22,13:08:06,28.5,149957000
2023-09-28,1,04:51:41,21:21:40,05:44:02,20:29:46,06:33:07,19:40:57,07:14:30,18:59:44,92.4,267.2,01:44:15,01:37:54,01:22:34,11:45:14,-00:05:22,13:07:46,28.1,149914000
2023-09-29,1,04:54:32,21:18:11,05:46:33,20:26:36,06:35:30,19:37:55,07:16:51,18:56:43,93.2,266.4,01:43:35,01:37:38,01:22:32,11:39:52,-00:05:22,13:07:26,27.7,149872000
2023-09-30,1,04:57:21,21:14:44,05:49:02,20:23:28,06:37:52,19:34:54,07:19:12,18:53:42,94.0,265.7,01:42:58,01:37:23,01:22:31,11:34:29,-00:05:23,13:07:06,27.3,149829000
2023-10-01,1,05:00:09,21:11:20,05:51:32,20:20:21,06:40:14,19:31:53,07:21:34,18:50:42,94.7,264.9,01:42:22,01:37:09,01:22:31,11:29:07,-00:05:22,13:06:46,26.9,149787000
2023-10-02,1,05:02:54,21:07:58,05:54:00,20:17:15,06:42:35,19:28:54,07:23:56,18:47:42,95.5,264.1,01:41:48,01:36:56,01:22:32,11:23:45,-00:05:22,13:06:27,26.5,149744000
2023-10-03,1,05:05:38,21:04:38,05:56:27,20:14:11,06:44:57,19:25:55,07:26:19,18:44:42,96.3,263.4,01:41:17,01:36:44,01:22:34,11:18:23,-00:05:22,13:06:08,26.2,149702000
2023-10-04,1,05:08:20,21:01:21,05:58:54,20:11:08,06:47:18,19:22:57,07:28:41,18:41:43,97.1,262.6,01:40:47,01:36:34,01:22:37,11:13:01,-00:05:22,13:05:49,25.8,149660000
2023-10-05,1,05:11:00,20:58:06,06:01:20,20:08:06,06:49:40,19:20:00,07:31:04,18:38:43,97.8,261.8,01:40:19,01:36:25,01:22:41,11:07:39,-00:05:22,13:05:31,25.4,149618000
2023-10-06,1,05:13:39,20:54:53,06:03:46,20:05:06,06:52:01,19:17:04,07:33:28,18:35:45,98.6,261.0,01:39:53,01:36:17,01:22:45,11:02:17,-00:05:22,13:05:13,25.0,149576000
2023-10-07,1,05:16:17,20:51:42,06:06:10,20:02:07,06:54:22,19:14:08,07:35:51,18:32:46,99.4,260.3,01:39:28,01:36:10,01:22:51,10:56:55,-00:05:22,13:04:55,24.6,149534000
2023-10-08,1,05:18:53,20:48:34,06:08:35,19:59:10,06:56:43,19:11:14,07:38:16,18:29:49,100.1,259.5,01:39:05,01:36:04,01:22:57,10:51:33,-00:05:22,13:04:38,24.2,149491000
2023-10-09,1,05:21:27,20:45:28,06:10:58,19:56:14,06:59:04,19:08:20,07:40:40,18:26:51,100.9,258.7,01:38:44,01:36:00,01:23:04,10:46:11,-00:05:22,13:04:21,23.9,149449000
2023-10-10,1,05:24:01,20:42:24,06:13:21,19:53:20,07:01:25,19:05:27,07:43:05,18:23:55,101.7,258.0,01:38:24,01:35:56,01:23:12,10:40:49,-00:05:22,13:04:05,23.5,149407000
2023-10-11,1,05:26:33,20:39:22,06:15:44,19:50:27,07:03:46,19:02:36,07:45:31,18:20:58,102.5,257.2,01:38:06,01:35:54,01:23:21,10:35:27,-00:05:22,13:03:49,23.1,149365000
2023-10-12,1,05:29:03,20:36:22,06:18:06,19:47:36,07:06:07,18:59:45,07:47:56,18:18:03,103.2,256.4,01:37:49,01:35:52,01:23:31,10:30:06,-00:05:21,13:03:34,22.7,149322000
2023-10-13,1,05:31:33,20:33:25,06:20:27,19:44:46,07:08:28,18:56:55,07:50:23,18:15:07,104.0,255.7,01:37:33,01:35:51,01:23:42,10:24:44,-00:05:22,13:03:19,22.4,149280000
2023-10-14,1,05:34:01,20:30:30,06:22:48,19:41:58,07:10:49,18:54:07,07:52:49,18:12:13,104.7,254.9,01:37:18,01:35:52,01:23:53,10:19:23,-00:05:21,13:03:05,22.0,149237000
2023-10-15,1,05:36:29,20:27:37,06:25:09,19:39:11,07:13:10,18:51:19,07:55:17,18:09:19,105.5,254.2,01:37:05,01:35:53,01:24:06,10:14:02,-00:05:21,13:02:52,21.6,149195000
2023-10-16,1,05:38:55,20:24:46,06:27:28,19:36:26,07:15:31,18:48:33,07:57:44,18:06:26,106.3,253.4,01:36:53,01:35:56,01:24:19,10:08:41,-00:05:21,13:02:38,21.2,149152000
2023-10-17,1,05:41:20,20:21:58,06:29:48,19:33:43,07:17:52,18:45:48,08:00:12,18:03:34,107.0,252.7,01:36:43,01:35:59,01:24:33,10:03:21,-00:05:20,13:02:26,20.9,149109000
2023-10-18,1,05:43:44,20:19:11,06:32:07,19:31:01,07:20:13,18:43:04,08:02:41,18:00:42,107.8,251.9,01:36:33,01:36:03,01:24:49,09:58:01,-00:05:20,13:02:14,20.5,149066000
2023-10-19,1,05:46:06,20:16:27,06:34:25,19:28:21,07:22:34,18:40:21,08:05:09,17:57:51,108.5,251.2,01:36:24,01:36:09,01:25:05,09:52:41,-00:05:20,13:02:03,20.2,149023000
2023-10-20,1,05:48:28,20:13:46,06:36:43,19:25:43,07:24:55,18:37:39,08:07:39,17:55:01,109.3,250.4,01:36:17,01:36:15,01:25:22,09:47:22,-00:05:19,13:01:52,19.8,148980000
2023-10-21,1,05:50:49,20:11:06,06:39:00,19:23:06,07:27:16,18:34:59,08:10:08,17:52:12,110.0,249.7,01:36:11,01:36:22,01:25:39,09:42:03,-00:05:19,13:01:42,19.4,148938000
2023-10-22,1,05:53:09,20:08:29,06:41:17,19:20:31,07:29:36,18:32:20,08:12:38,17:49:24,110.8,248.9,01:36:05,01:36:29,01:25:58,09:36:45,-00:05:18,13:01:32,19.1,148895000
2023-10-23,1,05:55:28,20:05:54,06:43:34,19:17:58,07:31:57,18:29:43,08:15:08,17:46:36,111.5,248.2,01:36:01,01:36:38,01:26:18,09:31:27,-00:05:18,13:01:23,18.7,148853000
2023-10-24,1,05:57:46,20:03:21,06:45:50,19:15:27,07:34:17,18:27:07,08:17:39,17:43:50,112.2,247.5,01:35:57,01:36:48,01:26:38,09:26:11,-00:05:16,13:01:15,18.4,148811000
2023-10-25,1,06:00:03,20:00:51,06:48:05,19:12:58,07:36:38,18:24:32,08:20:10,17:41:05,113.0,246.7,01:35:55,01:36:58,01:26:59,09:20:54,-00:05:17,13:01:08,18.0,148769000
2023-10-26,1,06:02:18,19:58:22,06:50:20,19:10:31,07:38:58,18:21:59,08:22:41,17:38:21,113.7,246.0,01:35:53,01:37:09,01:27:21,09:15:39,-00:05:15,13:01:01,17.7,148727000
2023-10-27,1,06:04:33,19:55:57,06:52:34,19:08:05,07:41:18,18:19:28,08:25:13,17:35:38,114.4,245.3,01:35:52,01:37:21,01:27:44,09:10:24,-00:05:15,13:00:55,17.4,148687000
2023-10-28,1,06:06:47,19:53:34,06:54:48,19:05:42,07:43:39,18:16:58,08:27:45,17:32:56,115.2,244.6,01:35:52,01:37:34,01:28:08,09:05:10,-00:05:14,13:00:50,17.0,148646000
2023-10-29,1,05:09:01,18:51:13,05:57:02,18:03:20,06:45:59,17:14:30,07:30:17,16:30:15,115.9,243.8,01:35:53,01:37:47,01:28:33,08:59:57,-00:05:13,12:00:45,16.7,148606000
2023-10-30,1,05:11:13,18:48:54,05:59:15,18:01:01,06:48:18,17:12:03,07:32:50,16:27:36,116.6,243.1,01:35:55,01:38:01,01:28:58,08:54:45,-00:05:12,12:00:41,16.4,148567000
2023-10-31,1,05:13:24,18:46:38,06:01:27,17:58:44,06:50:38,17:09:38,07:35:23,16:24:58,117.3,242.4,01:35:57,01:38:16,01:29:25,08:49:35,-00:05:10,12:00:38,16.0,148528000
2023-11-01,1,05:15:35,18:44:25,06:03:39,17:56:29,06:52:58,17:07:15,07:37:56,16:22:21,118.0,241.7,01:36:00,01:38:32,01:29:52,08:44:25,-00:05:10,12:00:36,15.7,148489000
2023-11-02,1,05:17:44,18:42:14,06:05:50,17:54:16,06:55:17,17:04:54,07:40:29,16:19:46,118.7,241.0,01:36:04,01:38:48,01:30:20,08:39:17,-00:05:08,12:00:35,15.4,148451000
2023-11-03,1,05:19:53,18:40:06,06:08:01,17:52:05,06:57:36,17:02:35,07:43:02,16:17:12,119.4,240.3,01:36:08,01:39:05,01:30:48,08:34:10,-00:05:07,12:00:34,15.1,148414000
2023-11-04,1,05:22:00,18:38:00,06:10:11,17:49:56,06:59:55,17:00:18,07:45:36,16:14:40,120.1,239.7,01:36:13,01:39:22,01:31:18,08:29:04,-00:05:06,12:00:34,14.8,148377000
2023-11-05,1,05:24:07,18:35:57,06:12:20,17:47:50,07:02:13,16:58:02,07:48:09,16:12:10,120.8,239.0,01:36:19,01:39:40,01:31:49,08:24:00,-00:05:04,12:00:35,14.5,148340000
2023-11-06,1,05:26:13,18:33:56,06:14:29,17:45:47,07:04:31,16:55:49,07:50:43,16:09:41,121.5,238.3,01:36:25,01:39:59,01:32:20,08:18:58,-00:05:02,12:00:37,14.2,148304000
2023-11-07,1,05:28:17,18:31:58,06:16:37,17:43:45,07:06:48,16:53:38,07:53:16,16:07:14,122.1,237.6,01:36:32,01:40:18,01:32:51,08:13:57,-00:05:01,12:00:40,13.9,148268000
2023-11-08,1,05:30:21,18:30:03,06:18:44,17:41:46,07:09:06,16:51:29,07:55:49,16:04:49,122.8,237.0,01:36:39,01:40:38,01:33:24,08:08:59,-00:04:58,12:00:44,13.6,148232000
2023-11-09,1,05:32:24,18:28:11,06:20:51,17:39:50,07:11:22,16:49:23,07:58:23,16:02:25,123.5,236.3,01:36:47,01:40:58,01:33:57,08:04:02,-00:04:57,12:00:48,13.3,148197000
2023-11-10,1,05:34:26,18:26:21,06:22:56,17:37:56,07:13:38,16:47:18,08:00:55,16:00:04,124.1,235.7,01:36:55,01:41:19,01:34:31,07:59:08,-00:04:54,12:00:54,13.0,148162000
2023-11-11,1,05:36:26,18:24:34,06:25:01,17:36:05,07:15:53,16:45:17,08:03:28,15:57:45,124.8,235.0,01:37:04,01:41:40,01:35:06,07:54:16,-00:04:52,12:01:00,12.7,148127000
2023-11-12,1,05:38:25,18:22:50,06:27:05,17:34:16,07:18:08,16:43:17,08:06:00,15:55:28,125.4,234.4,01:37:13,01:42:02,01:35:41,07:49:27,-00:04:49,12:01:07,12.5,148092000
2023-11-13,1,05:40:24,18:21:09,06:29:08,17:32:30,07:20:22,16:41:20,08:08:32,15:53:13,126.0,233.8,01:37:23,01:42:24,01:36:17,07:44:40,-00:04:47,12:01:15,12.2,148058000
2023-11-14,1,05:42:21,18:19:31,06:31:10,17:30:47,07:22:35,16:39:26,08:11:03,15:51:00,126.7,233.1,01:37:32,01:42:46,01:36:53,07:39:57,-00:04:43,12:01:24,11.9,148024000
2023-11-15,1,05:44:17,18:17:56,06:33:10,17:29:07,07:24:47,16:37:34,08:13:33,15:48:50,127.3,232.5,01:37:43,01:43:09,01:37:30,07:35:16,-00:04:41,12:01:33,11.7,147990000
2023-11-16,1,05:46:11,18:16:24,06:35:10,17:27:30,07:26:58,16:35:45,08:16:03,15:46:42,127.9,231.9,01:37:53,01:43:32,01:38:08,07:30:39,-00:04:37,12:01:44,11.4,147957000
2023-11-17,1,05:48:04,18:14:55,06:37:08,17:25:55,07:29:08,16:33:59,08:18:32,15:44:37,128.5,231.3,01:38:04,01:43:55,01:38:45,07:26:05,-00:04:34,12:01:55,11.2,147923000
2023-11-18,1,05:49:56,18:13:29,06:39:06,17:24:23,07:31:16,16:32:15,08:20:59,15:42:35,129.1,230.8,01:38:15,01:44:18,01:39:23,07:21:35,-00:04:30,12:02:07,10.9,147890000
2023-11-19,1,05:51:46,18:12:06,06:41:01,17:22:55,07:33:24,16:30:35,08:23:26,15:40:35,129.6,230.2,01:38:26,01:44:42,01:40:02,07:17:08,-00:04:27,12:02:20,10.7,147858000
2023-11-20,1,05:53:35,18:10:46,06:42:56,17:21:29,07:35:30,16:28:58,08:25:51,15:38:38,130.2,229.6,01:38:37,01:45:05,01:40:40,07:12:46,-00:04:22,12:02:34,10.5,147826000
2023-11-21,1,05:55:22,18:09:29,06:44:48,17:20:06,07:37:34,16:27:23,08:28:15,15:36:44,130.8,229.1,01:38:49,01:45:29,01:41:19,07:08:28,-00:04:18,12:02:48,10.3,147795000
2023-11-22,1,05:57:07,18:08:16,06:46:40,17:18:47,07:39:37,16:25:52,08:30:38,15:34:53,131.3,228.5,01:39:00,01:45:52,01:41:58,07:04:15,-00:04:13,12:03:04,10.0,147764000
2023-11-23,1,05:58:51,18:07:05,06:48:29,17:17:31,07:41:39,16:24:24,08:32:59,15:33:06,131.8,228.0,01:39:12,01:46:16,01:42:37,07:00:07,-00:04:08,12:03:20,9.8,147734000
2023-11-24,1,06:00:34,18:05:58,06:50:17,17:16:18,07:43:38,16:22:59,08:35:18,15:31:21,132.4,227.5,01:39:24,01:46:39,01:43:16,06:56:03,-00:04:04,12:03:36,9.6,147704000
2023-11-25,1,06:02:14,18:04:54,06:52:03,17:15:08,07:45:36,16:21:38,08:37:35,15:29:41,132.9,227.0,01:39:35,01:47:03,01:43:55,06:52:05,-00:03:58,12:03:54,9.4,147676000
2023-11-26,1,06:03:53,18:03:54,06:53:48,17:14:02,07:47:32,16:20:20,08:39:50,15:28:03,133.4,226.5,01:39:47,01:47:26,01:44:34,06:48:13,-00:03:52,12:04:12,9.2,147648000
2023-11-27,1,06:05:29,18:02:57,06:55:30,17:12:59,07:49:26,16:19:05,08:42:03,15:26:29,133.9,226.0,01:39:58,01:47:49,01:45:13,06:44:26,-00:03:47,12:04:32,9.1,147621000
2023-11-28,1,06:07:04,18:02:03,06:57:11,17:11:59,07:51:18,16:17:54,08:44:14,15:24:59,134.3,225.6,01:40:10,01:48:11,01:45:51,06:40:45,-00:03:41,12:04:51,8.9,147594000
2023-11-29,1,06:08:37,18:01:13,06:58:49,17:11:03,07:53:07,16:16:47,08:46:22,15:23:33,134.8,225.1,01:40:21,01:48:33,01:46:28,06:37:11,-00:03:34,12:05:12,8.7,147569000
2023-11-30,1,06:10:08,18:00:26,07:00:26,17:10:10,07:54:54,16:15:44,08:48:28,15:22:11,135.2,224.7,01:40:32,01:48:55,01:47:06,06:33:43,-00:03:28,12:05:33,8.6,147544000
2023-12-01,1,06:11:37,17:59:42,07:02:00,17:09:21,07:56:39,16:14:44,08:50:31,15:20:53,135.6,224.3,01:40:43,01:49:16,01:47:42,06:30:22,-00:03:21,12:05:55,8.4,147520000
2023-12-02,1,06:13:04,17:59:02,07:03:32,17:08:36,07:58:21,16:13:48,08:52:31,15:19:39,136.0,223.9,01:40:54,01:49:37,01:48:18,06:27:08,-00:03:14,12:06:18,8.2,147497000
2023-12-03,1,06:14:28,17:58:25,07:05:01,17:07:54,08:00:01,16:12:56,08:54:28,15:18:30,136.4,223.5,01:41:04,01:49:57,01:48:53,06:24:01,-00:03:07,12:06:41,8.1,147474000
2023-12-04,1,06:15:50,17:57:52,07:06:28,17:07:16,08:01:38,16:12:08,08:56:22,15:17:25,136.8,223.1,01:41:14,01:50:17,01:49:27,06:21:02,-00:02:59,12:07:05,8.0,147453000
2023-12-05,1,06:17:10,17:57:23,07:07:53,17:06:42,08:03:12,16:11:24,08:58:12,15:16:24,137.2,222.7,01:41:24,01:50:36,01:50:00,06:18:12,-00:02:50,12:07:29,7.8,147432000
2023-12-06,1,06:18:28,17:56:57,07:09:15,17:06:11,08:04:43,16:10:44,08:59:59,15:15:29,137.5,222.4,01:41:33,01:50:54,01:50:32,06:15:29,-00:02:43,12:07:54,7.7,147411000
2023-12-07,1,06:19:43,17:56:34,07:10:34,17:05:44,08:06:11,16:10:09,09:01:43,15:14:38,137.8,222.1,01:41:42,01:51:11,01:51:02,06:12:55,-00:02:34,12:08:19,7.6,147391000
2023-12-08,1,06:20:55,17:56:15,07:11:51,17:05:21,08:07:36,16:09:37,09:03:22,15:13:52,138.1,221.8,01:41:50,01:51:28,01:51:31,06:10:29,-00:02:26,12:08:45,7.5,147372000
2023-12-09,1,06:22:05,17:56:00,07:13:05,17:05:01,08:08:57,16:09:10,09:04:57,15:13:11,138.4,221.5,01:41:58,01:51:43,01:51:59,06:08:13,-00:02:16,12:09:12,7.4,147353000
2023-12-10,1,06:23:12,17:55:48,07:14:16,17:04:46,08:10:16,16:08:47,09:06:28,15:12:35,138.7,221.3,01:42:06,01:51:58,01:52:24,06:06:06,-00:02:07,12:09:39,7.3,147335000
2023-12-11,1,06:24:17,17:55:40,07:15:24,17:04:34,08:11:30,16:08:29,09:07:55,15:12:04,138.9,221.0,01:42:13,01:52:11,01:52:49,06:04:09,-00:01:57,12:10:06,7.2,147318000
2023-12-12,1,06:25:19,17:55:35,07:16:29,17:04:26,08:12:42,16:08:14,09:09:18,15:11:39,139.1,220.8,01:42:19,01:52:24,01:53:11,06:02:21,-00:01:48,12:10:34,7.1,147301000
2023-12-13,1,06:26:18,17:55:34,07:17:31,17:04:22,08:13:49,16:08:05,09:10:35,15:11:19,139.3,220.6,01:42:25,01:52:35,01:53:32,06:00:43,-00:01:38,12:11:03,7.1,147284000
2023-12-14,1,06:27:14,17:55:37,07:18:30,17:04:22,08:14:53,16:07:59,09:11:48,15:11:04,139.5,220.4,01:42:30,01:52:45,01:53:50,05:59:15,-00:01:28,12:11:31,7.0,147268000
2023-12-15,1,06:28:07,17:55:43,07:19:25,17:04:25,08:15:53,16:07:58,09:12:57,15:10:55,139.7,220.3,01:42:35,01:52:54,01:54:07,05:57:58,-00:01:17,12:12:00,6.9,147252000
2023-12-16,1,06:28:58,17:55:52,07:20:17,17:04:33,08:16:49,16:08:02,09:14:00,15:10:51,139.8,220.1,01:42:39,01:53:02,01:54:21,05:56:51,-00:01:07,12:12:29,6.9,147237000
2023-12-17,1,06:29:45,17:56:05,07:21:06,17:04:44,08:17:41,16:08:09,09:14:58,15:10:53,140.0,220.0,01:42:42,01:53:09,01:54:33,05:55:54,-00:00:57,12:12:58,6.9,147223000
2023-12-18,1,06:30:29,17:56:21,07:21:52,17:04:59,08:18:29,16:08:22,09:15:51,15:11:00,140.0,219.9,01:42:45,01:53:14,01:54:43,05:55:09,-00:00:45,12:13:28,6.8,147209000
2023-12-19,1,06:31:10,17:56:41,07:22:34,17:05:18,08:19:13,16:08:38,09:16:38,15:11:13,140.1,219.9,01:42:47,01:53:18,01:54:50,05:54:34,-00:00:35,12:13:57,6.8,147196000
2023-12-20,1,06:31:47,17:57:05,07:23:12,17:05:40,08:19:53,16:08:59,09:17:21,15:11:32,140.2,219.8,01:42:49,01:53:21,01:54:55,05:54:10,-00:00:24,12:14:27,6.8,147183000
2023-12-21,1,06:32:22,17:57:31,07:23:47,17:06:06,08:20:28,16:09:25,09:17:58,15:11:56,140.2,219.8,01:42:49,01:53:23,01:54:58,05:53:58,-00:00:12,12:14:57,6.8,147171000
2023-12-22,1,06:32:53,17:58:01,07:24:18,17:06:36,08:20:59,16:09:55,09:18:29,15:12:25,140.2,219.8,01:42:49,01:53:23,01:54:58,05:53:56,-00:00:02,12:15:26,6.8,147160000
2023-12-23,1,06:33:21,17:58:35,07:24:45,17:07:10,08:21:26,16:10:29,09:18:55,15:13:00,140.2,219.8,01:42:49,01:53:22,01:54:56,05:54:05,+00:00:09,12:15:56,6.8,147150000
2023-12-24,1,06:33:45,17:59:11,07:25:09,17:07:47,08:21:49,16:11:07,09:19:15,15:13:41,140.2,219.9,01:42:48,01:53:19,01:54:52,05:54:25,+00:00:20,12:16:26,6.8,147141000
2023-12-25,1,06:34:06,17:59:51,07:25:29,17:08:28,08:22:07,16:11:50,09:19:30,15:14:27,140.1,219.9,01:42:46,01:53:16,01:54:45,05:54:56,+00:00:31,12:16:56,6.8,147133000
2023-12-26,1,06:34:24,18:00:34,07:25:46,17:09:12,08:22:21,16:12:36,09:19:39,15:15:18,140.0,220.0,01:42:43,01:53:11,01:54:36,05:55:38,+00:00:42,12:17:25,6.8,147126000
2023-12-27,1,06:34:38,18:01:20,07:25:58,17:10:00,08:22:31,16:13:27,09:19:43,15:16:14,139.9,220.1,01:42:40,01:53:05,01:54:25,05:56:31,+00:00:53,12:17:55,6.9,147119000
2023-12-28,1,06:34:49,18:02:10,07:26:07,17:10:51,08:22:36,16:14:22,09:19:42,15:17:16,139.8,220.3,01:42:36,01:52:57,01:54:11,05:57:34,+00:01:03,12:18:24,6.9,147114000
2023-12-29,1,06:34:57,18:03:02,07:26:12,17:11:46,08:22:37,16:15:21,09:19:34,15:18:23,139.6,220.4,01:42:32,01:52:49,01:53:56,05:58:48,+00:01:14,12:18:53,7.0,147109000
2023-12-30,1,06:35:01,18:03:58,07:26:14,17:12:44,08:22:33,16:16:24,09:19:22,15:19:35,139.5,220.6,01:42:27,01:52:39,01:53:38,06:00:12,+00:01:24,12:19:22,7.0,147106000
2023-12-31,1,06:35:01,18:04:57,07:26:11,17:13:45,08:22:25,16:17:31,09:19:04,15:20:51,139.3,220.8,01:42:21,01:52:28,01:53:18,06:01:47,+00:01:35,12:19:51,7.1,147103000
